"yearID","teamID","lgID","playerID","G_all","GS","G_batting","G_defense","G_p","G_c","G_1b","G_2b","G_3b","G_ss","G_lf","G_cf","G_rf","G_of","G_dh","G_ph","G_pr","mainPos"
2020,"SLN","NL","cabrege01",20,0,0,20,20,0,0,0,0,0,0,0,0,0,0,0,0,"P"
2020,"DET","AL","cabremi01",57,56,57,0,0,0,0,0,0,0,0,0,0,0,56,1,0,"DH"
2020,"SFN","NL","cahiltr01",11,6,0,11,11,0,0,0,0,0,0,0,0,0,0,0,0,"P"
2020,"MIL","NL","cainlo01",5,5,5,5,0,0,0,0,0,0,0,5,0,5,0,0,0,"CF"
2020,"ARI","NL","calhoko01",54,53,54,48,0,0,0,0,0,0,0,0,48,48,6,1,0,"RF"
2020,"TEX","AL","calhowi01",29,25,29,8,0,0,0,0,0,0,8,0,0,8,21,3,1,"DH"
2020,"ATL","NL","camarjo01",35,31,35,31,0,0,0,21,10,0,0,0,0,0,3,4,0,"2B"
2020,"DET","AL","camerda01",17,16,17,16,0,0,0,0,0,0,0,0,16,16,0,1,0,"RF"
2020,"SDN","NL","campulu01",1,1,1,0,0,0,0,0,0,0,0,0,0,0,1,0,0,"DH"
2020,"DET","AL","candeje01",52,51,52,51,0,0,43,0,10,0,0,0,0,0,0,1,0,"1B"
2020,"OAK","AL","canhama01",59,59,59,38,0,0,3,0,0,0,15,9,17,37,21,0,0,"DH"
2020,"LAA","AL","cannigr01",11,11,0,11,11,0,0,0,0,0,0,0,0,0,0,0,0,"P"
2020,"NYN","NL","canoro01",49,46,49,34,0,0,0,34,0,0,0,0,0,0,13,3,0,"2B"
2020,"CHN","NL","caratvi01",44,37,44,25,0,22,3,0,0,0,0,0,0,0,18,5,0,"C"
2020,"SLN","NL","carlsdy01",35,32,35,34,0,0,0,0,0,0,10,17,18,34,0,3,0,"RF"
2020,"SLN","NL","carpema01",50,46,50,34,0,0,6,0,30,0,0,0,0,0,14,3,0,"3B"
2020,"CLE","AL","carraca01",12,12,0,12,12,0,0,0,0,0,0,0,0,0,0,0,0,"P"
2020,"BAL","AL","carroco01",3,0,0,3,3,0,0,0,0,0,0,0,0,0,0,0,0,"P"
2020,"CIN","NL","casalcu01",31,25,31,29,0,29,0,0,0,0,0,0,0,0,1,5,0,"C"
2020,"MIA","NL","castada01",7,6,0,7,7,0,0,0,0,0,0,0,0,0,0,0,0,"P"
2020,"HOU","AL","castehu01",8,0,0,8,8,0,0,0,0,0,0,0,0,0,0,0,0,"P"
2020,"CIN","NL","casteni01",60,59,60,57,0,0,0,0,0,0,0,0,57,57,2,1,0,"RF"
2020,"COL","NL","castery01",10,9,0,10,10,0,0,0,0,0,0,0,0,0,0,0,0,"P"
2020,"TBA","AL","castidi01",22,0,0,22,22,0,0,0,0,0,0,0,0,0,0,0,0,"P"
2020,"CIN","NL","castilu02",12,12,0,12,12,0,0,0,0,0,0,0,0,0,0,0,0,"P"
2020,"DET","AL","castran02",1,0,0,1,1,0,0,0,0,0,0,0,0,0,0,0,0,"P"
2020,"DET","AL","castrha01",22,12,22,18,0,0,2,2,4,2,6,2,4,12,2,5,2,"LF"
2020,"LAA","AL","castrja01",18,16,18,17,0,17,0,0,0,0,0,0,0,0,0,1,0,"C"
2020,"SDN","NL","castrja01",9,9,9,9,0,9,0,0,0,0,0,0,0,0,0,0,0,"C"
2020,"BAL","AL","castrmi01",16,0,0,16,16,0,0,0,0,0,0,0,0,0,0,0,0,"P"
2020,"NYN","NL","castrmi01",10,0,0,10,10,0,0,0,0,0,0,0,0,0,0,0,0,"P"
2020,"WAS","NL","castrst01",16,16,16,16,0,0,0,16,0,0,0,0,0,0,0,0,0,"2B"
2020,"DET","AL","castrwi01",36,35,36,35,0,0,0,1,8,27,0,0,0,0,1,0,1,"SS"
2020,"MIN","AL","caveja01",42,29,42,38,0,0,0,0,0,0,7,22,12,38,3,2,8,"CF"
2020,"CHA","AL","ceasedy01",12,12,0,12,12,0,0,0,0,0,0,0,0,0,0,0,0,"P"
2020,"PIT","NL","cederbl01",5,0,0,5,5,0,0,0,0,0,0,0,0,0,0,0,0,"P"
2020,"MIA","NL","cervefr01",16,16,16,16,0,16,0,0,0,0,0,0,0,0,0,0,0,"C"
2020,"NYN","NL","cespeyo01",8,8,8,0,0,0,0,0,0,0,0,0,0,0,8,0,0,"DH"
2020,"NYA","AL","cessalu01",16,0,0,16,16,0,0,0,0,0,0,0,0,0,0,0,0,"P"
2020,"ATL","NL","chacijh01",2,0,0,2,2,0,0,0,0,0,0,0,0,0,0,0,0,"P"
2020,"ARI","NL","chafian01",11,0,0,11,11,0,0,0,0,0,0,0,0,0,0,0,0,"P"
2020,"CHN","NL","chafian01",4,0,0,4,4,0,0,0,0,0,0,0,0,0,0,0,0,"P"
2020,"CLE","AL","changyu01",10,3,10,8,0,0,0,2,3,4,0,0,0,0,0,2,2,"SS"
2020,"NYA","AL","chapmar01",13,0,0,13,13,0,0,0,0,0,0,0,0,0,0,0,0,"P"
2020,"OAK","AL","chapmma01",37,36,37,37,0,0,0,0,36,1,0,0,0,0,0,0,0,"3B"
2020,"CHN","NL","chatwty01",5,5,0,5,5,0,0,0,0,0,0,0,0,0,0,0,0,"P"
2020,"TEX","AL","chaveje01",18,0,0,18,18,0,0,0,0,0,0,0,0,0,0,0,0,"P"
2020,"BOS","AL","chavimi01",42,40,42,41,0,0,24,8,0,0,12,0,0,12,1,1,0,"1B"
2020,"NYN","NL","chiriro01",12,10,12,12,0,12,0,0,0,0,0,0,0,0,0,0,0,"C"
2020,"TEX","AL","chiriro01",14,13,14,13,0,13,0,0,0,0,0,0,0,0,1,1,0,"C"
2020,"TBA","AL","chiriyo01",3,3,0,3,3,0,0,0,0,0,0,0,0,0,0,0,0,"P"
2020,"MIA","NL","chishja01",21,17,21,20,0,0,0,13,0,9,0,0,0,0,0,1,1,"2B"
2020,"TBA","AL","choiji01",42,32,42,38,0,0,38,0,0,0,0,0,0,0,1,10,0,"1B"
2020,"TEX","AL","choosh01",33,30,33,19,0,0,0,0,0,0,16,0,3,19,14,3,0,"LF"
2020,"CLE","AL","cimbead01",14,0,0,14,14,0,0,0,0,0,0,0,0,0,0,0,0,"P"
2020,"CHA","AL","cishest01",22,0,0,22,22,0,0,0,0,0,0,0,0,0,0,0,0,"P"
2020,"DET","AL","cisnejo01",29,0,0,29,29,0,0,0,0,0,0,0,0,0,0,0,0,"P"
2020,"CLE","AL","civalaa01",12,12,0,12,12,0,0,0,0,0,0,0,0,0,0,0,0,"P"
2020,"ARI","NL","clarkta01",12,5,0,12,12,0,0,0,0,0,0,0,0,0,0,0,0,"P"
2020,"MIL","NL","claudal01",20,0,0,20,20,0,0,0,0,0,0,0,0,0,0,0,0,"P"
2020,"PHI","NL","cleavga01",1,0,0,1,1,0,0,0,0,0,0,0,0,0,0,0,0,"P"
2020,"CLE","AL","clevimi01",4,4,0,4,4,0,0,0,0,0,0,0,0,0,0,0,0,"P"
2020,"SDN","NL","clevimi01",4,4,0,4,4,0,0,0,0,0,0,0,0,0,0,0,0,"P"
2020,"MIN","AL","clippty01",26,2,0,26,26,0,0,0,0,0,0,0,0,0,0,0,0,"P"
2020,"BAL","AL","cobbal01",10,10,0,10,10,0,0,0,0,0,0,0,0,0,0,0,0,"P"
2020,"TEX","AL","codyky01",8,5,0,8,8,0,0,0,0,0,0,0,0,0,0,0,0,"P"
2020,"TOR","AL","coleaj01",24,0,0,24,24,0,0,0,0,0,0,0,0,0,0,0,0,"P"
2020,"NYA","AL","colege01",12,12,0,12,12,0,0,0,0,0,0,0,0,0,0,0,0,"P"
2020,"MIN","AL","colined01",1,0,0,1,1,0,0,0,0,0,0,0,0,0,0,0,0,"P"
2020,"CHA","AL","colliza01",9,4,9,3,0,2,1,0,0,0,0,0,0,0,5,3,1,"DH"
2020,"CHA","AL","colomal01",21,0,0,21,21,0,0,0,0,0,0,0,0,0,0,0,0,"P"
2020,"CIN","NL","colonch01",11,6,11,8,0,0,1,7,0,0,0,0,0,0,3,2,0,"2B"
2020,"NYN","NL","confomi01",54,53,54,52,0,0,0,0,0,0,0,0,52,52,1,1,0,"RF"
2020,"CHN","NL","contrwi01",57,57,57,41,0,41,0,0,0,0,0,0,0,0,18,0,0,"C"
2020,"ATL","NL","contrwi02",4,2,4,4,0,4,0,0,0,0,0,0,0,0,0,0,0,"C"
2020,"SFN","NL","coonrsa01",18,0,0,18,18,0,0,0,0,0,0,0,0,0,0,0,0,"P"
2020,"MIA","NL","coopega03",34,33,34,15,0,0,15,0,0,0,0,0,0,0,18,1,0,"DH"
2020,"WAS","NL","corbipa01",11,11,0,11,11,0,0,0,0,0,0,0,0,0,0,0,0,"P"
2020,"KCA","AL","cordefr02",16,9,16,12,0,0,0,0,0,0,1,5,8,12,3,5,0,"RF"
2020,"CHA","AL","cordeji01",30,0,0,30,30,0,0,0,0,0,0,0,0,0,0,0,0,"P"
2020,"NYN","NL","cordery01",5,2,5,5,0,0,0,0,0,0,0,4,1,5,0,0,1,"CF"
2020,"HOU","AL","correca01",58,56,58,57,0,0,0,0,0,57,0,0,0,0,0,2,0,"SS"
2020,"SEA","AL","cortene01",5,1,0,5,5,0,0,0,0,0,0,0,0,0,0,0,0,"P"
2020,"MIN","AL","couloda01",2,0,0,2,2,0,0,0,0,0,0,0,0,0,0,0,0,"P"
2020,"BOS","AL","coveydy01",8,0,0,8,8,0,0,0,0,0,0,0,0,0,0,0,0,"P"
2020,"PIT","NL","craigwi01",2,1,2,2,0,0,2,0,0,0,0,0,0,0,0,0,0,"1B"
2020,"SFN","NL","crawfbr01",54,47,54,53,0,0,0,0,0,53,0,0,0,0,0,1,0,"SS"
2020,"SEA","AL","crawfjp01",53,53,53,53,0,0,0,0,0,53,0,0,0,0,0,0,0,"SS"
2020,"ARI","NL","crichst01",26,0,0,26,26,0,0,0,0,0,0,0,0,0,0,0,0,"P"
2020,"PIT","NL","crickky01",7,0,0,7,7,0,0,0,0,0,0,0,0,0,0,0,0,"P"
2020,"SLN","NL","crismna01",6,0,0,6,6,0,0,0,0,0,0,0,0,0,0,0,0,"P"
2020,"CHA","AL","crochga01",5,0,0,5,5,0,0,0,0,0,0,0,0,0,0,0,0,"P"
2020,"DET","AL","croncj01",13,13,13,13,0,0,13,0,0,0,0,0,0,0,0,0,0,"1B"
2020,"SDN","NL","croneja01",54,49,54,54,0,0,10,38,1,11,0,0,0,0,0,1,2,"2B"
2020,"ARI","NL","cronke01",8,5,8,1,0,0,1,0,0,0,0,0,0,0,6,3,0,"DH"
2020,"WAS","NL","crowewi01",3,3,0,3,3,0,0,0,0,0,0,0,0,0,0,0,0,"P"
2020,"SLN","NL","cruzje01",1,0,0,1,1,0,0,0,0,0,0,0,0,0,0,0,0,"P"
2020,"MIN","AL","cruzne02",53,52,53,0,0,0,0,0,0,0,0,0,0,0,52,1,0,"DH"
2020,"SFN","NL","cuetojo01",12,12,0,12,12,0,0,0,0,0,0,0,0,0,0,0,0,"P"
2020,"ATL","NL","culbech01",10,1,9,6,1,0,4,1,0,0,0,0,0,0,1,2,4,"1B"
2020,"TBA","AL","curtijo02",17,3,0,17,17,0,0,0,0,0,0,0,0,0,0,0,0,"P"
2020,"CHA","AL","cuthbch01",1,0,1,1,0,0,0,0,1,0,0,0,0,0,0,1,0,"3B"
2020,"COL","NL","dahlda01",24,23,24,22,0,0,0,0,0,0,4,17,2,22,2,0,0,"CF"
2020,"BOS","AL","dalbebo01",23,23,23,22,0,0,21,0,2,0,0,0,0,0,1,0,0,"1B"
2020,"ATL","NL","darnatr01",44,39,44,35,0,35,0,0,0,0,0,0,0,0,7,4,0,"C"
2020,"CHN","NL","darviyu01",12,12,0,12,12,0,0,0,0,0,0,0,0,0,0,0,0,"P"
2020,"CIN","NL","davidma02",22,10,20,5,3,0,2,0,0,0,0,0,0,0,13,10,0,"DH"
2020,"ATL","NL","davidtu01",1,1,0,1,1,0,0,0,0,0,0,0,0,0,0,0,0,"P"
2020,"SDN","NL","davieza01",12,12,0,12,12,0,0,0,0,0,0,0,0,0,0,0,0,"P"
2020,"PHI","NL","davisau01",4,0,1,4,4,0,0,0,0,0,0,0,0,0,0,0,0,"P"
2020,"PIT","NL","davisau01",5,0,0,5,5,0,0,0,0,0,0,0,0,0,0,0,0,"P"
2020,"BAL","AL","davisch02",16,13,16,15,0,0,15,0,0,0,0,0,0,0,0,2,0,"1B"
2020,"SFN","NL","davisja03",4,4,4,4,0,0,0,0,0,0,0,0,4,4,0,0,0,"RF"
2020,"NYN","NL","davisjd01",56,52,56,42,0,0,0,0,34,0,8,0,0,8,13,4,0,"3B"
2020,"TOR","AL","davisjo05",13,9,13,13,0,0,0,0,0,0,3,5,6,13,0,0,1,"RF"
2020,"OAK","AL","daviskh01",30,25,30,0,0,0,0,0,0,0,0,0,0,0,27,5,0,"DH"
2020,"COL","NL","daviswa01",5,0,0,5,5,0,0,0,0,0,0,0,0,0,0,0,0,"P"
2020,"ATL","NL","daytogr01",18,0,0,18,18,0,0,0,0,0,0,0,0,0,0,0,0,"P"
2020,"SLN","NL","deanau01",3,2,3,3,0,0,1,0,0,0,2,0,1,2,0,1,0,"LF"
2020,"NYN","NL","degroja01",12,12,0,12,12,0,0,0,0,0,0,0,0,0,0,0,0,"P"
2020,"HOU","AL","dejonch01",3,2,0,3,3,0,0,0,0,0,0,0,0,0,0,0,0,"P"
2020,"SLN","NL","dejonpa01",45,45,45,45,0,0,0,0,0,45,0,0,0,0,0,0,0,"SS"
2020,"CIN","NL","deleojo03",5,0,0,5,5,0,0,0,0,0,0,0,0,0,0,0,0,"P"
2020,"CHA","AL","delmoni01",6,6,6,6,0,0,0,0,0,0,3,0,4,6,0,0,0,"RF"
2020,"PIT","NL","delpomi01",5,0,0,5,5,0,0,0,0,0,0,0,0,0,0,0,0,"P"
2020,"DET","AL","demertr01",18,8,18,15,1,0,0,0,0,0,2,0,12,14,3,4,5,"RF"
2020,"CHN","NL","dermoma01",1,0,0,1,1,0,0,0,0,0,0,0,0,0,0,0,0,"P"
2020,"CIN","NL","desclan01",9,7,0,9,9,0,0,0,0,0,0,0,0,0,0,0,0,"P"
2020,"CLE","AL","deshide02",37,32,37,35,0,0,0,0,0,0,0,35,0,35,1,1,3,"CF"
2020,"CHA","AL","detwiro01",16,0,0,16,16,0,0,0,0,0,0,0,0,0,0,0,0,"P"
2020,"HOU","AL","devench02",4,0,0,4,4,0,0,0,0,0,0,0,0,0,0,0,0,"P"
2020,"BOS","AL","deverra01",57,55,57,57,0,0,0,0,57,0,0,0,0,0,0,2,0,"3B"
2020,"HOU","AL","diazal02",17,16,17,14,0,0,2,10,3,0,1,0,0,1,2,1,0,"2B"
2020,"NYN","NL","diazed04",26,0,0,26,26,0,0,0,0,0,0,0,0,0,0,0,0,"P"
2020,"COL","NL","diazel01",26,15,26,24,0,24,0,0,0,0,0,0,0,0,2,7,0,"C"
2020,"MIA","NL","diazis01",7,6,7,7,0,0,0,7,0,0,0,0,0,0,0,0,0,"2B"
2020,"COL","NL","diazja01",24,0,0,24,24,0,0,0,0,0,0,0,0,0,0,0,0,"P"
2020,"MIA","NL","diazle01",14,11,14,11,0,0,11,0,0,0,0,0,0,0,1,2,0,"1B"
2020,"TBA","AL","diazya01",34,30,34,26,0,0,2,0,25,0,0,0,0,0,7,4,0,"3B"
2020,"SFN","NL","dickeal01",52,38,52,46,0,0,0,0,0,0,41,0,5,46,3,14,0,"LF"
2020,"MIA","NL","dickeco01",52,51,52,46,0,0,0,0,0,0,46,0,1,46,6,1,0,"LF"
2020,"COL","NL","diehlph01",6,0,0,6,6,0,0,0,0,0,0,0,0,0,0,0,0,"P"
2020,"OAK","AL","diekmja01",21,0,0,21,21,0,0,0,0,0,0,0,0,0,0,0,0,"P"
2020,"TEX","AL","dietrde01",25,18,25,12,0,0,6,3,3,0,0,0,0,0,9,6,0,"DH"
2020,"WAS","NL","difowi01",12,2,12,10,0,0,0,4,2,4,0,0,0,0,1,3,1,"2B"
2020,"DET","AL","dixonbr01",5,3,5,5,0,0,4,1,0,0,2,0,0,2,0,1,1,"1B"
2020,"MIN","AL","dobnara01",10,10,0,10,10,0,0,0,0,0,0,0,0,0,0,0,0,"P"
2020,"TOR","AL","dolisra01",24,0,0,24,24,0,0,0,0,0,0,0,0,0,0,0,0,"P"
2020,"MIN","AL","donaljo02",28,25,28,26,0,0,0,0,26,0,0,0,0,0,0,3,0,"3B"
2020,"WAS","NL","doolise01",11,0,0,11,11,0,0,0,0,0,0,0,0,0,0,0,0,"P"
2020,"COL","NL","doyleto01",3,0,0,3,3,0,0,0,0,0,0,0,0,0,0,0,0,"P"
2020,"NYN","NL","doziebr01",7,4,7,5,0,0,0,5,0,0,0,0,0,0,1,1,0,"2B"
2020,"KCA","AL","doziehu01",44,44,44,44,0,0,28,0,1,0,2,0,18,20,0,0,0,"1B"
2020,"TBA","AL","drakeol01",11,0,0,11,11,0,0,0,0,0,0,0,0,0,0,0,0,"P"
2020,"TOR","AL","drurybr01",21,14,21,21,0,0,0,4,16,2,0,0,0,0,0,1,0,"3B"
2020,"SFN","NL","dubonma01",54,46,54,54,0,0,0,8,0,8,0,44,0,44,0,1,0,"CF"
2020,"MIN","AL","duffety01",22,0,0,22,22,0,0,0,0,0,0,0,0,0,0,0,0,"P"
2020,"KCA","AL","duffyda01",12,11,0,12,12,0,0,0,0,0,0,0,0,0,0,0,0,"P"
2020,"SFN","NL","duggast01",21,10,21,20,0,0,0,0,0,0,11,4,7,20,0,1,3,"LF"
2020,"MIA","NL","duggero01",4,1,0,4,4,0,0,0,0,0,0,0,0,0,0,0,0,"P"
2020,"CHA","AL","dunnida01",7,7,0,7,7,0,0,0,0,0,0,0,0,0,0,0,0,"P"
2020,"SEA","AL","dunnju01",10,10,0,10,10,0,0,0,0,0,0,0,0,0,0,0,0,"P"
2020,"ATL","NL","duvalad01",57,47,57,56,0,0,0,0,0,0,45,1,17,56,1,5,0,"LF"
2020,"CHA","AL","dysonja01",11,3,11,8,0,0,0,0,0,0,6,2,1,8,2,1,4,"LF"
2020,"PIT","NL","dysonja01",21,15,21,21,0,0,0,0,0,0,0,21,0,21,0,0,4,"CF"
2020,"WAS","NL","eatonad02",41,40,41,41,0,0,0,0,0,0,0,0,41,41,0,1,0,"RF"
2020,"SLN","NL","edmanto01",55,54,55,54,0,0,0,8,31,13,8,0,13,21,0,1,0,"3B"
2020,"SEA","AL","edwarca01",5,0,0,5,5,0,0,0,0,0,0,0,0,0,0,0,0,"P"
2020,"PHI","NL","eflinza01",11,10,0,11,11,0,0,0,0,0,0,0,0,0,0,0,0,"P"
2020,"MIA","NL","eibnebr01",3,0,0,3,3,0,0,0,0,0,0,0,0,0,0,0,0,"P"
2020,"SLN","NL","elledse01",12,0,1,12,12,0,0,0,0,0,0,0,0,0,0,0,0,"P"
2020,"CHA","AL","encared01",44,43,44,0,0,0,0,0,0,0,0,0,0,0,43,1,0,"DH"
2020,"CHA","AL","engelad01",36,23,36,35,0,0,0,0,0,0,9,3,25,35,0,4,6,"RF"
2020,"BOS","AL","eovalna01",9,9,0,9,9,0,0,0,0,0,0,0,0,0,0,0,0,"P"
2020,"ATL","NL","erlinro01",7,5,0,7,7,0,0,0,0,0,0,0,0,0,0,0,0,"P"
2020,"PIT","NL","erlinro01",2,0,0,2,2,0,0,0,0,0,0,0,0,0,0,0,0,"P"
2020,"CIN","NL","ervinph01",19,7,19,16,0,0,0,0,0,0,10,7,1,16,1,11,1,"LF"
2020,"SEA","AL","ervinph01",18,13,18,18,0,0,0,0,0,0,0,0,18,18,0,3,0,"RF"
2020,"ARI","NL","escobed01",54,53,54,50,0,0,0,3,47,0,0,0,0,0,4,0,0,"3B"
2020,"BAL","AL","eshelto01",12,4,0,12,12,0,0,0,0,0,0,0,0,0,0,0,0,"P"
2020,"WAS","NL","espinpa01",2,1,0,2,2,0,0,0,0,0,0,0,0,0,0,0,0,"P"
2020,"TOR","AL","espinsa01",27,19,26,24,2,0,0,0,2,21,0,0,0,0,0,0,4,"SS"
2020,"COL","NL","estevca01",26,0,0,26,26,0,0,0,0,0,0,0,0,0,0,0,0,"P"
2020,"NYA","AL","estrath01",26,15,26,25,0,0,0,20,6,3,0,0,0,0,0,1,3,"2B"
2020,"TEX","AL","evansde01",4,0,0,4,4,0,0,0,0,0,0,0,0,0,0,0,0,"P"
2020,"PIT","NL","evansph01",11,11,11,11,0,0,1,0,8,0,1,0,1,2,0,0,0,"3B"
2020,"TBA","AL","fairbpe01",27,2,0,27,27,0,0,0,0,0,0,0,0,0,0,0,0,"P"
2020,"NYN","NL","familje01",25,0,0,25,25,0,0,0,0,0,0,0,0,0,0,0,0,"P"
2020,"DET","AL","farmebu01",23,0,0,23,23,0,0,0,0,0,0,0,0,0,0,0,0,"P"
2020,"CIN","NL","farmeky01",32,19,32,32,0,0,1,13,2,15,2,0,0,2,0,0,1,"SS"
2020,"TEX","AL","farrelu01",4,0,0,4,4,0,0,0,0,0,0,0,0,0,0,0,0,"P"
2020,"WAS","NL","feddeer01",11,8,0,11,11,0,0,0,0,0,0,0,0,0,0,0,0,"P"
2020,"PIT","NL","felizmi01",3,0,0,3,3,0,0,0,0,0,0,0,0,0,0,0,0,"P"
2020,"LAN","NL","ferguca01",21,1,0,21,21,0,0,0,0,0,0,0,0,0,0,0,0,"P"
2020,"SLN","NL","fernaju01",3,0,0,3,3,0,0,0,0,0,0,0,0,0,0,0,0,"P"
2020,"MIL","NL","feyerjo01",6,0,0,6,6,0,0,0,0,0,0,0,0,0,0,0,0,"P"
2020,"OAK","AL","fiersmi01",11,11,0,11,11,0,0,0,0,0,0,0,0,0,0,0,0,"P"
2020,"WAS","NL","finneky01",25,0,0,25,25,0,0,0,0,0,0,0,0,0,0,0,0,"P"
2020,"TOR","AL","fishede01",16,11,16,15,0,0,0,0,0,0,5,0,10,15,1,1,2,"RF"
2020,"SLN","NL","flaheja01",9,9,0,9,9,0,0,0,0,0,0,0,0,0,0,0,0,"P"
2020,"TBA","AL","flemijo01",7,5,0,7,7,0,0,0,0,0,0,0,0,0,0,0,0,"P"
2020,"SEA","AL","fletcaa01",6,0,0,6,6,0,0,0,0,0,0,0,0,0,0,0,0,"P"
2020,"LAA","AL","fletcda02",49,49,49,49,0,0,0,15,8,27,0,0,1,1,0,0,0,"SS"
2020,"CHA","AL","florebe01",2,0,0,2,2,0,0,0,0,0,0,0,0,0,0,0,0,"P"
2020,"SFN","NL","florewi01",55,50,55,30,0,0,14,14,3,0,0,0,0,0,22,5,0,"DH"
2020,"NYA","AL","flories01",1,1,1,1,0,0,0,0,0,0,0,1,0,1,0,0,0,"CF"
2020,"LAN","NL","florody01",25,0,0,25,25,0,0,0,0,0,0,0,0,0,0,0,0,"P"
2020,"ATL","NL","flowety01",22,22,22,22,0,22,0,0,0,0,0,0,0,0,0,0,0,"C"
2020,"ATL","NL","foltymi01",1,1,0,1,1,0,0,0,0,0,0,0,0,0,0,0,0,"P"
2020,"TOR","AL","fontwi01",21,0,0,21,21,0,0,0,0,0,0,0,0,0,0,0,0,"P"
2020,"NYA","AL","fordmi01",29,18,29,13,0,0,13,0,0,0,0,0,0,0,7,10,0,"1B"
2020,"MIA","NL","forsylo01",13,11,12,11,1,0,4,6,0,0,0,0,0,0,2,0,0,"2B"
2020,"CHA","AL","fostema01",23,2,1,23,23,0,0,0,0,0,0,0,0,0,0,0,0,"P"
2020,"SLN","NL","fowlede01",31,29,31,27,0,0,0,0,0,0,0,0,27,27,2,2,0,"RF"
2020,"SEA","AL","fraleja01",7,7,7,7,0,0,0,0,0,0,1,0,6,7,0,0,0,"RF"
2020,"KCA","AL","francma02",60,60,60,52,0,0,2,0,51,0,0,0,0,0,8,0,0,"3B"
2020,"SDN","NL","francty01",20,12,20,7,0,0,5,0,2,0,0,0,0,0,10,8,0,"DH"
2020,"SEA","AL","francty01",23,23,23,14,0,0,0,10,4,0,0,0,0,0,9,0,0,"2B"
2020,"SEA","AL","frankse01",2,0,0,2,2,0,0,0,0,0,0,0,0,0,0,0,0,"P"
2020,"PIT","NL","fraziad01",58,54,58,54,0,0,0,41,0,0,14,0,0,14,2,3,0,"2B"
2020,"NYA","AL","frazicl01",39,39,39,34,0,0,0,0,0,0,8,0,28,34,5,0,0,"RF"
2020,"NYN","NL","frazito01",14,12,14,14,1,0,0,0,14,0,0,0,0,0,0,0,0,"3B"
2020,"TEX","AL","frazito01",31,30,31,31,0,0,16,0,15,0,0,0,0,0,0,1,0,"1B"
2020,"COL","NL","freelky01",13,13,0,13,13,0,0,0,0,0,0,0,0,0,0,0,0,"P"
2020,"ATL","NL","freemfr01",60,58,60,58,0,0,58,0,0,0,0,0,0,0,2,2,0,"1B"
2020,"CLE","AL","freemmi01",24,8,24,18,0,0,1,4,6,3,4,0,0,4,2,8,2,"3B"
2020,"WAS","NL","freemsa01",7,0,0,7,7,0,0,0,0,0,0,0,0,0,0,0,0,"P"
2020,"ATL","NL","friedma01",11,11,0,11,11,0,0,0,0,0,0,0,0,0,0,0,0,"P"
2020,"CHA","AL","fryja01",18,0,0,18,18,0,0,0,0,0,0,0,0,0,0,0,0,"P"
2020,"BAL","AL","frypa01",22,0,0,22,22,0,0,0,0,0,0,0,0,0,0,0,0,"P"
2020,"COL","NL","fuentjo01",30,24,30,28,0,0,26,0,6,0,2,0,1,2,0,4,0,"1B"
2020,"BAL","AL","fulmeca01",3,0,0,3,3,0,0,0,0,0,0,0,0,0,0,0,0,"P"
2020,"DET","AL","fulmeca01",7,0,0,7,7,0,0,0,0,0,0,0,0,0,0,0,0,"P"
2020,"DET","AL","fulmemi01",10,10,0,10,10,0,0,0,0,0,0,0,0,0,0,0,0,"P"
2020,"DET","AL","funkhky01",13,0,0,13,13,0,0,0,0,0,0,0,0,0,0,0,0,"P"
2020,"KCA","AL","gallaca01",25,19,25,25,0,25,0,0,0,0,0,0,0,0,0,0,0,"C"
2020,"SLN","NL","gallegi01",16,0,0,16,16,0,0,0,0,0,0,0,0,0,0,0,0,"P"
2020,"ARI","NL","galleza01",12,12,0,12,12,0,0,0,0,0,0,0,0,0,0,0,0,"P"
2020,"TEX","AL","gallojo01",57,55,57,53,0,0,0,0,0,0,0,1,53,53,2,2,0,"RF"
2020,"CIN","NL","galvifr01",47,42,47,45,0,0,0,16,0,33,0,0,0,0,0,3,1,"SS"
2020,"MIL","NL","gamelbe01",40,31,40,37,0,0,0,0,0,0,1,11,27,37,0,3,2,"RF"
2020,"SLN","NL","gantjo01",17,0,0,17,17,0,0,0,0,0,0,0,0,0,0,0,0,"P"
2020,"TEX","AL","garciad02",3,2,3,3,0,0,0,0,0,0,3,0,0,3,0,0,0,"LF"
2020,"MIL","NL","garciav01",53,50,53,49,0,0,0,0,0,0,0,44,5,49,3,3,0,"CF"
2020,"DET","AL","garcibr01",26,0,0,26,26,0,0,0,0,0,0,0,0,0,0,0,0,"P"
2020,"NYA","AL","garcide01",6,6,0,6,6,0,0,0,0,0,0,0,0,0,0,0,0,"P"
2020,"TBA","AL","garcied01",4,0,0,4,4,0,0,0,0,0,0,0,0,0,0,0,0,"P"
2020,"SDN","NL","garcigr01",35,15,35,19,0,0,0,11,10,0,0,0,0,0,11,12,0,"2B"
2020,"SFN","NL","garcija04",19,0,0,19,19,0,0,0,0,0,0,0,0,0,0,0,0,"P"
2020,"CIN","NL","garcijo02",24,19,24,21,0,0,0,0,0,21,0,0,0,0,2,2,2,"SS"
2020,"CHA","AL","garcile02",16,15,16,16,0,0,0,5,0,10,0,0,3,3,0,1,0,"SS"
2020,"TEX","AL","garcilu03",11,2,0,11,11,0,0,0,0,0,0,0,0,0,0,0,0,"P"
2020,"WAS","NL","garcilu04",40,36,40,40,0,0,0,37,0,3,0,0,0,0,0,1,0,"2B"
2020,"HOU","AL","garcilu05",5,1,0,5,5,0,0,0,0,0,0,0,0,0,0,0,0,"P"
2020,"SFN","NL","garciri01",12,0,0,12,12,0,0,0,0,0,0,0,0,0,0,0,0,"P"
2020,"DET","AL","garciro03",15,2,0,15,15,0,0,0,0,0,0,0,0,0,0,0,0,"P"
2020,"MIA","NL","garciyi01",14,0,0,14,14,0,0,0,0,0,0,0,0,0,0,0,0,"P"
2020,"NYA","AL","gardnbr01",49,40,49,48,0,0,0,0,0,0,39,10,0,48,1,0,2,"LF"
2020,"PHI","NL","garliky01",12,8,12,10,0,0,0,0,0,0,5,0,5,10,1,2,0,"LF"
2020,"HOU","AL","garnedu01",17,13,17,17,0,17,0,0,0,0,0,0,0,0,0,1,0,"C"
2020,"CIN","NL","garream01",21,0,0,21,21,0,0,0,0,0,0,0,0,0,0,0,0,"P"
2020,"MIA","NL","garrebr01",2,2,0,2,2,0,0,0,0,0,0,0,0,0,0,0,0,"P"
2020,"MIN","AL","garvemi01",23,19,23,23,0,22,1,0,0,0,0,0,0,0,0,2,0,"C"
2020,"SFN","NL","gausmke01",12,10,0,12,12,0,0,0,0,0,0,0,0,0,0,0,0,"P"
2020,"TOR","AL","gavigsa01",4,0,0,4,4,0,0,0,0,0,0,0,0,0,0,0,0,"P"
2020,"MIN","AL","gearrco01",1,0,0,1,1,0,0,0,0,0,0,0,0,0,0,0,0,"P"
2020,"SEA","AL","gerbejo01",17,0,0,17,17,0,0,0,0,0,0,0,0,0,0,0,0,"P"
2020,"TEX","AL","gibauia01",14,0,0,14,14,0,0,0,0,0,0,0,0,0,0,0,0,"P"
2020,"TEX","AL","gibsoky01",12,12,0,12,12,0,0,0,0,0,0,0,0,0,0,0,0,"P"
2020,"TOR","AL","gileske01",4,0,0,4,4,0,0,0,0,0,0,0,0,0,0,0,0,"P"
2020,"TBA","AL","gilmase01",2,0,0,2,2,0,0,0,0,0,0,0,0,0,0,0,0,"P"
2020,"NYN","NL","gimenan01",49,29,49,45,0,0,0,19,10,23,0,0,0,0,0,4,5,"SS"
2020,"ARI","NL","ginkeke01",19,0,0,19,19,0,0,0,0,0,0,0,0,0,0,0,0,"P"
2020,"CHA","AL","giolilu01",12,12,0,12,12,0,0,0,0,0,0,0,0,0,0,0,0,"P"
2020,"BAL","AL","givenmy01",12,0,0,12,12,0,0,0,0,0,0,0,0,0,0,0,0,"P"
2020,"COL","NL","givenmy01",10,0,0,10,10,0,0,0,0,0,0,0,0,0,0,0,0,"P"
2020,"TBA","AL","glasnty01",11,11,0,11,11,0,0,0,0,0,0,0,0,0,0,0,0,"P"
2020,"BOS","AL","godleza01",8,7,0,8,8,0,0,0,0,0,0,0,0,0,0,0,0,"P"
2020,"CHA","AL","goinsry01",14,2,14,5,0,0,0,1,2,2,0,0,0,0,5,1,8,"DH"
2020,"SLN","NL","goldspa01",58,58,58,52,0,0,52,0,0,0,0,0,0,0,6,0,0,"1B"
2020,"SLN","NL","gombeau01",14,4,0,14,14,0,0,0,0,0,0,0,0,0,0,0,0,"P"
2020,"WAS","NL","gomesya01",30,30,30,30,0,30,0,0,0,0,0,0,0,0,0,0,0,"C"
2020,"LAN","NL","gonsoto01",9,8,1,9,9,0,0,0,0,0,0,0,0,0,0,0,0,"P"
2020,"COL","NL","gonzach01",6,4,0,6,6,0,0,0,0,0,0,0,0,0,0,0,0,"P"
2020,"PIT","NL","gonzaer01",50,47,50,49,0,0,0,0,13,38,0,0,0,0,1,2,0,"SS"
2020,"CHA","AL","gonzagi01",12,4,0,12,12,0,0,0,0,0,0,0,0,0,0,0,0,"P"
2020,"CHA","AL","gonzalu03",3,0,3,2,0,0,0,0,0,0,1,1,0,2,1,1,1,"LF"
2020,"MIN","AL","gonzama01",53,51,53,53,0,0,14,21,23,0,0,0,8,8,0,0,1,"3B"
2020,"SEA","AL","gonzama02",11,11,0,11,11,0,0,0,0,0,0,0,0,0,0,0,0,"P"
2020,"LAN","NL","gonzavi02",15,1,0,15,15,0,0,0,0,0,0,0,0,0,0,0,0,"P"
2020,"DET","AL","goodrni01",43,41,43,41,0,0,0,11,0,31,0,0,0,0,0,2,0,"SS"
2020,"CIN","NL","goodwbr01",20,15,20,18,0,0,0,0,0,0,2,16,1,18,1,4,0,"CF"
2020,"LAA","AL","goodwbr01",30,26,30,28,0,0,0,0,0,0,14,4,11,28,0,2,0,"LF"
2020,"TEX","AL","goodyni01",17,1,0,17,17,0,0,0,0,0,0,0,0,0,0,0,0,"P"
2020,"KCA","AL","gordoal01",50,48,50,49,0,0,0,0,0,0,49,0,0,49,0,2,0,"LF"
2020,"SEA","AL","gordode01",33,22,33,28,0,0,0,13,0,3,13,0,0,13,2,1,7,"2B"
2020,"LAN","NL","gorete01",2,0,2,1,0,0,0,0,0,0,0,1,0,1,1,0,1,"CF"
2020,"PHI","NL","gosseph01",39,28,39,25,0,0,8,4,2,0,7,0,7,14,11,8,1,"DH"
2020,"SFN","NL","gotttr01",15,0,0,15,15,0,0,0,0,0,0,0,0,0,0,0,0,"P"
2020,"COL","NL","goudeas01",4,0,0,4,4,0,0,0,0,0,0,0,0,0,0,0,0,"P"
2020,"HOU","AL","gourryu01",57,56,57,55,0,0,55,0,0,0,0,0,0,0,2,1,0,"1B"
2020,"ARI","NL","gracema02",3,0,0,3,3,0,0,0,0,0,0,0,0,0,0,0,0,"P"
2020,"CHA","AL","grandya01",46,45,46,38,0,32,6,0,0,0,0,0,0,0,7,1,0,"C"
2020,"LAN","NL","gratebr01",23,2,0,23,23,0,0,0,0,0,0,0,0,0,0,0,0,"P"
2020,"SEA","AL","graveke01",11,2,0,11,11,0,0,0,0,0,0,0,0,0,0,0,0,"P"
2020,"COL","NL","grayjo02",8,8,0,8,8,0,0,0,0,0,0,0,0,0,0,0,0,"P"
2020,"CIN","NL","grayso01",11,11,0,11,11,0,0,0,0,0,0,0,0,0,0,0,0,"P"
2020,"NYA","AL","greench03",22,0,1,22,22,0,0,0,0,0,0,0,0,0,0,0,0,"P"
2020,"ATL","NL","greensh02",28,0,0,28,28,0,0,0,0,0,0,0,0,0,0,0,0,"P"
2020,"PHI","NL","gregodi01",60,56,60,59,0,0,0,0,0,59,0,0,0,0,0,3,0,"SS"
2020,"DET","AL","greingr01",18,16,18,18,0,18,0,0,0,0,0,0,0,0,0,0,0,"C"
2020,"HOU","AL","greinza01",12,12,0,12,12,0,0,0,0,0,0,0,0,0,0,0,0,"P"
2020,"TOR","AL","grichra01",55,54,55,48,0,0,0,0,0,0,0,48,0,48,7,0,0,"CF"
2020,"KCA","AL","grifffo01",1,0,0,1,1,0,0,0,0,0,0,0,0,0,0,0,0,"P"
2020,"MIL","NL","grimmju01",4,0,0,4,4,0,0,0,0,0,0,0,0,0,0,0,0,"P"
2020,"SDN","NL","grishtr01",59,57,59,59,0,0,0,0,0,0,0,59,0,59,0,1,0,"CF"
2020,"OAK","AL","grossro01",51,45,51,47,0,0,0,0,0,0,46,2,1,47,2,5,0,"LF"
2020,"SEA","AL","grotzza01",5,0,0,5,5,0,0,0,0,0,0,0,0,0,0,0,0,"P"
2020,"BOS","AL","grullde01",1,1,1,1,0,1,0,0,0,0,0,0,0,0,0,0,0,"C"
2020,"NYN","NL","gsellro01",6,4,0,6,6,0,0,0,0,0,0,0,0,0,0,0,0,"P"
2020,"PHI","NL","guerrde01",9,0,0,9,9,0,0,0,0,0,0,0,0,0,0,0,0,"P"
2020,"WAS","NL","guerrja01",14,0,0,14,14,0,0,0,0,0,0,0,0,0,0,0,0,"P"
2020,"SDN","NL","guerrja02",14,0,0,14,14,0,0,0,0,0,0,0,0,0,0,0,0,"P"
2020,"ARI","NL","guerrju02",25,0,0,25,25,0,0,0,0,0,0,0,0,0,0,0,0,"P"
2020,"TOR","AL","guerrvl02",60,57,60,34,0,0,34,0,0,0,0,0,0,0,23,3,0,"1B"
2020,"SEA","AL","guilbta01",8,0,0,8,8,0,0,0,0,0,0,0,0,0,0,0,0,"P"
2020,"NYN","NL","guilllu01",30,15,29,23,1,0,0,17,4,3,0,0,0,0,0,7,1,"2B"
2020,"TOR","AL","gurrilo01",57,52,57,54,0,0,1,0,0,0,53,0,0,53,3,4,0,"LF"
2020,"KCA","AL","gutieke01",4,3,4,3,0,0,0,0,3,0,0,0,0,0,1,0,1,"3B"
2020,"MIA","NL","guzmajo04",1,0,0,1,1,0,0,0,0,0,0,0,0,0,0,0,0,"P"
2020,"TEX","AL","guzmaro01",26,23,26,24,0,0,24,0,0,0,0,0,0,0,0,2,0,"1B"
2020,"MIL","NL","gyorkje01",43,35,42,40,1,0,30,0,11,0,0,0,0,0,1,7,0,"1B"
2020,"DET","AL","haaseer01",7,5,7,7,0,7,0,0,0,0,0,0,0,0,0,0,0,"C"
2020,"MIL","NL","haderjo01",21,0,1,21,21,0,0,0,0,0,0,0,0,0,0,0,0,"P"
2020,"SEA","AL","haggesa01",13,13,13,12,0,0,0,0,1,0,10,0,1,11,1,0,0,"LF"
2020,"KCA","AL","hahnje01",18,0,0,18,18,0,0,0,0,0,0,0,0,0,0,0,0,"P"
2020,"NYA","AL","haleda02",5,0,0,5,5,0,0,0,0,0,0,0,0,0,0,0,0,"P"
2020,"PHI","NL","haleda02",6,2,0,6,6,0,0,0,0,0,0,0,0,0,0,0,0,"P"
2020,"BOS","AL","hallma02",4,1,0,4,4,0,0,0,0,0,0,0,0,0,0,0,0,"P"
2020,"ATL","NL","hamelco01",1,1,0,1,1,0,0,0,0,0,0,0,0,0,0,0,0,"P"
2020,"CHN","NL","hamilbi02",14,1,14,12,0,0,0,0,0,0,0,12,0,12,2,1,6,"CF"
2020,"NYN","NL","hamilbi02",17,5,17,13,0,0,0,0,0,0,0,13,0,13,1,1,6,"CF"
2020,"CHA","AL","hamilia01",4,0,0,4,4,0,0,0,0,0,0,0,0,0,0,0,0,"P"
2020,"COL","NL","hampsga01",53,43,53,49,0,0,0,26,0,6,7,20,0,26,1,5,3,"2B"
2020,"CLE","AL","handbr01",23,0,0,23,23,0,0,0,0,0,0,0,0,0,0,0,0,"P"
2020,"CHN","NL","happia01",57,53,57,56,0,0,2,0,0,0,28,51,7,56,1,3,0,"CF"
2020,"NYA","AL","happja01",9,9,0,9,9,0,0,0,0,0,0,0,0,0,0,0,0,"P"
2020,"PHI","NL","harpebr03",58,58,58,48,0,0,0,0,0,0,0,3,48,48,10,0,0,"RF"
2020,"WAS","NL","harpery01",23,0,0,23,23,0,0,0,0,0,0,0,0,0,0,0,0,"P"
2020,"WAS","NL","harrijo05",33,22,33,26,0,0,1,12,10,0,5,0,2,6,6,5,4,"2B"
2020,"MIA","NL","harrimo01",32,12,32,28,0,0,0,0,0,0,0,16,13,28,0,2,9,"CF"
2020,"WAS","NL","harriwi02",20,0,0,20,20,0,0,0,0,0,0,0,0,0,0,0,0,"P"
2020,"BOS","AL","hartky01",4,3,0,4,4,0,0,0,0,0,0,0,0,0,0,0,0,"P"
2020,"PIT","NL","hartlge01",21,0,0,21,21,0,0,0,0,0,0,0,0,0,0,0,0,"P"
2020,"BAL","AL","harvehu01",10,0,0,10,10,0,0,0,0,0,0,0,0,0,0,0,0,"P"
2020,"COL","NL","harvejo01",4,0,0,4,4,0,0,0,0,0,0,0,0,0,0,0,0,"P"
2020,"KCA","AL","harvema01",7,4,0,7,7,0,0,0,0,0,0,0,0,0,0,0,0,"P"
2020,"PHI","NL","haselad01",40,23,40,39,0,0,0,0,0,0,11,24,9,39,0,5,1,"CF"
2020,"TOR","AL","hatchto01",17,1,0,17,17,0,0,0,0,0,0,0,0,0,0,0,0,"P"
2020,"PIT","NL","hayeske01",24,24,24,24,0,0,0,0,24,0,0,0,0,0,0,0,0,"3B"
2020,"BAL","AL","haysau01",33,31,33,33,0,0,0,0,0,0,10,23,3,33,0,2,0,"CF"
2020,"MIL","NL","healyry01",4,2,4,2,0,0,2,0,0,0,0,0,0,0,2,1,0,"1B"
2020,"LAA","AL","heanean01",12,12,0,12,12,0,0,0,0,0,0,0,0,0,0,0,0,"P"
2020,"TEX","AL","hearnta01",14,0,0,14,14,0,0,0,0,0,0,0,0,0,0,0,0,"P"
2020,"KCA","AL","heathni01",15,4,15,7,0,0,0,0,0,0,1,6,0,7,4,3,6,"CF"
2020,"ATL","NL","hechaad01",27,14,27,23,0,0,0,12,8,4,0,0,0,0,1,3,1,"2B"
2020,"CLE","AL","hedgeau01",6,3,6,6,0,6,0,0,0,0,0,0,0,0,0,0,0,"C"
2020,"SDN","NL","hedgeau01",29,19,29,28,0,28,0,0,0,0,0,0,0,0,1,1,0,"C"
2020,"OAK","AL","heimjo01",13,12,13,12,0,12,0,0,0,0,0,0,0,0,1,1,0,"C"
2020,"TEX","AL","heinesc01",24,14,24,22,0,0,1,0,0,0,3,17,1,21,2,2,4,"CF"
2020,"SFN","NL","heinety01",15,13,15,15,1,15,0,0,0,0,0,0,0,0,0,0,0,"C"
2020,"NYA","AL","hellebe01",6,0,0,6,6,0,0,0,0,0,0,0,0,0,0,0,0,"P"
2020,"SLN","NL","helslry01",12,0,0,12,12,0,0,0,0,0,0,0,0,0,0,0,0,"P"
2020,"BOS","AL","hembrhe01",11,0,0,11,11,0,0,0,0,0,0,0,0,0,0,0,0,"P"
2020,"PHI","NL","hembrhe01",11,0,0,11,11,0,0,0,0,0,0,0,0,0,0,0,0,"P"
2020,"CHN","NL","hendrky01",12,11,1,12,12,0,0,0,0,0,0,0,0,0,0,0,0,"P"
2020,"OAK","AL","hendrli01",24,0,0,24,24,0,0,0,0,0,0,0,0,0,0,0,0,"P"
2020,"NYN","NL","heredgu01",7,5,7,7,0,0,0,0,0,0,0,7,0,7,0,1,1,"CF"
2020,"PIT","NL","heredgu01",8,5,8,7,0,0,0,0,0,0,0,2,5,7,0,0,2,"RF"
2020,"TEX","AL","hergeji01",20,1,0,20,20,0,0,0,0,0,0,0,0,0,0,0,0,"P"
2020,"LAA","AL","hermomi01",7,2,7,6,0,0,0,0,0,0,5,1,0,6,0,1,0,"LF"
2020,"KCA","AL","hernaca04",5,3,0,5,5,0,0,0,0,0,0,0,0,0,0,0,0,"P"
2020,"CLE","AL","hernace02",58,57,58,58,0,0,0,58,0,0,0,0,0,0,0,1,0,"2B"
2020,"BOS","AL","hernada02",7,0,0,7,7,0,0,0,0,0,0,0,0,0,0,0,0,"P"
2020,"MIA","NL","hernael01",6,6,0,6,6,0,0,0,0,0,0,0,0,0,0,0,0,"P"
2020,"LAN","NL","hernaen02",48,32,48,46,0,0,2,30,0,2,5,3,9,17,2,10,0,"2B"
2020,"TEX","AL","hernajo02",27,0,0,27,27,0,0,0,0,0,0,0,0,0,0,0,0,"P"
2020,"KCA","AL","hernaos01",4,1,4,3,0,3,0,0,0,0,0,0,0,0,0,1,0,"C"
2020,"TOR","AL","hernate01",50,47,50,46,0,0,0,0,0,0,0,9,40,46,4,3,0,"RF"
2020,"WAS","NL","hernaya01",12,7,12,1,0,0,0,0,0,0,0,0,1,1,7,3,2,"DH"
2020,"BAL","AL","herredi01",3,1,3,3,0,0,2,0,0,0,0,1,0,1,0,1,0,"1B"
2020,"CHA","AL","herreke01",2,0,0,2,2,0,0,0,0,0,0,0,0,0,0,0,0,"P"
2020,"BAL","AL","hessda01",3,0,0,3,3,0,0,0,0,0,0,0,0,0,0,0,0,"P"
2020,"CHA","AL","heuerco01",21,0,0,21,21,0,0,0,0,0,0,0,0,0,0,0,0,"P"
2020,"CHN","NL","heywaja01",50,49,50,50,0,0,0,0,0,0,0,0,50,50,0,1,0,"RF"
2020,"NYA","AL","hicksaa01",54,49,54,50,0,0,0,0,0,0,0,50,0,50,1,5,0,"CF"
2020,"NYA","AL","higasky01",16,13,16,14,0,14,0,0,0,0,0,0,0,0,1,2,0,"C"
2020,"CLE","AL","hillca02",18,0,0,18,18,0,0,0,0,0,0,0,0,0,0,0,0,"P"
2020,"DET","AL","hillde01",15,1,15,10,0,0,0,0,0,0,0,10,0,10,4,3,6,"CF"
2020,"COL","NL","hillisa01",36,27,36,34,0,0,0,0,0,0,14,10,13,34,1,3,2,"LF"
2020,"MIN","AL","hillri01",8,8,0,8,8,0,0,0,0,0,0,0,0,0,0,0,0,"P"
2020,"SDN","NL","hillti01",23,0,1,23,23,0,0,0,0,0,0,0,0,0,0,0,0,"P"
2020,"SEA","AL","hiranyo01",13,0,0,13,13,0,0,0,0,0,0,0,0,0,0,0,0,"P"
2020,"MIL","NL","hiurake01",59,59,59,49,0,0,0,49,0,0,0,0,0,0,10,0,0,"2B"
2020,"CHN","NL","hoernni01",48,33,48,46,0,0,0,37,6,10,1,1,0,2,1,3,3,"2B"
2020,"COL","NL","hoffmje02",16,0,0,16,16,0,0,0,0,0,0,0,0,0,0,0,0,"P"
2020,"BAL","AL","holadbr01",21,8,20,15,1,10,6,0,0,0,0,0,0,0,4,5,3,"C"
2020,"NYA","AL","holdejo02",19,0,1,19,19,0,0,0,0,0,0,0,0,0,0,0,0,"P"
2020,"PIT","NL","hollade01",12,5,0,12,12,0,0,0,0,0,0,0,0,0,0,0,0,"P"
2020,"KCA","AL","hollagr01",28,0,0,28,28,0,0,0,0,0,0,0,0,0,0,0,0,"P"
2020,"MIA","NL","hollojo01",1,0,0,1,1,0,0,0,0,0,0,0,0,0,0,0,0,"P"
2020,"PIT","NL","holmecl01",1,0,0,1,1,0,0,0,0,0,0,0,0,0,0,0,0,"P"
2020,"MIL","NL","holtbr01",16,10,16,16,0,0,0,0,13,0,3,0,1,4,0,4,1,"3B"
2020,"WAS","NL","holtbr01",21,17,20,16,2,0,4,0,5,0,6,0,2,8,2,3,0,"LF"
2020,"PHI","NL","hoskirh01",41,41,41,40,0,0,40,0,0,0,0,0,0,0,1,0,0,"1B"
2020,"SDN","NL","hosmeer01",38,37,38,32,0,0,32,0,0,0,0,0,0,0,5,1,0,"1B"
2020,"BOS","AL","houckta01",3,3,0,3,3,0,0,0,0,0,0,0,0,0,0,0,0,"P"
2020,"MIL","NL","housead01",12,11,0,12,12,0,0,0,0,0,0,0,0,0,0,0,0,"P"
2020,"PIT","NL","howarsa01",22,0,0,22,22,0,0,0,0,0,0,0,0,0,0,0,0,"P"
2020,"PHI","NL","howarsp01",6,6,0,6,6,0,0,0,0,0,0,0,0,0,0,0,0,"P"
2020,"MIA","NL","hoytja01",24,0,0,24,24,0,0,0,0,0,0,0,0,0,0,0,0,"P"
2020,"WAS","NL","hudsoda01",21,0,0,21,21,0,0,0,0,0,0,0,0,0,0,0,0,"P"
2020,"SLN","NL","hudsoda02",8,8,0,8,8,0,0,0,0,0,0,0,0,0,0,0,0,"P"
2020,"SEA","AL","hudsojo03",9,6,9,9,0,9,0,0,0,0,0,0,0,0,0,0,0,"C"
2020,"TEX","AL","huffsa01",10,9,10,10,0,10,0,0,0,0,0,0,0,0,0,0,0,"C"
2020,"NYN","NL","hugheja02",18,0,0,18,18,0,0,0,0,0,0,0,0,0,0,0,0,"P"
2020,"PHI","NL","hunteto02",24,0,0,24,24,0,0,0,0,0,0,0,0,0,0,0,0,"P"
2020,"BAL","AL","iglesjo01",39,35,39,24,0,0,0,0,0,24,0,0,0,0,15,3,0,"SS"
2020,"CIN","NL","iglesra01",22,0,1,22,22,0,0,0,0,0,0,0,0,0,0,0,0,"P"
2020,"ATL","NL","inciaen01",46,30,46,46,0,0,0,0,0,0,0,46,0,46,0,1,3,"CF"
2020,"PHI","NL","irvinco01",3,0,0,3,3,0,0,0,0,0,0,0,0,0,0,0,0,"P"
2020,"ATL","NL","jacksal02",5,3,5,4,0,4,0,0,0,0,0,0,0,0,0,0,1,"C"
2020,"ATL","NL","jackslu01",19,0,0,19,19,0,0,0,0,0,0,0,0,0,0,0,0,"P"
2020,"HOU","AL","jamesjo02",13,2,0,13,13,0,0,0,0,0,0,0,0,0,0,0,0,"P"
2020,"CIN","NL","jankotr01",16,3,16,13,0,0,0,0,0,0,1,9,3,13,1,1,7,"CF"
2020,"TOR","AL","janseda01",43,40,43,43,0,43,0,0,0,0,0,0,0,0,0,1,0,"C"
2020,"LAN","NL","janseke01",27,0,0,27,27,0,0,0,0,0,0,0,0,0,0,0,0,"P"
2020,"HOU","AL","javiecr01",12,10,0,12,12,0,0,0,0,0,0,0,0,0,0,0,0,"P"
2020,"ARI","NL","jayjo02",18,14,18,17,0,0,0,0,0,0,4,5,9,17,1,1,0,"RF"
2020,"OAK","AL","jeffeda01",1,1,0,1,1,0,0,0,0,0,0,0,0,0,0,0,0,"P"
2020,"MIN","AL","jeffery01",26,19,26,25,0,25,0,0,0,0,0,0,0,0,1,1,0,"C"
2020,"CHN","NL","jeffrje01",22,0,2,22,22,0,0,0,0,0,0,0,0,0,0,0,0,"P"
2020,"SFN","NL","jimenda02",2,0,0,2,2,0,0,0,0,0,0,0,0,0,0,0,0,"P"
2020,"CHA","AL","jimenel02",55,55,55,54,0,0,0,0,0,0,54,0,0,54,1,0,0,"LF"
2020,"DET","AL","jimenjo02",25,0,0,25,25,0,0,0,0,0,0,0,0,0,0,0,0,"P"
2020,"CLE","AL","johnsda07",5,4,5,5,0,0,0,0,0,0,1,0,4,5,0,0,1,"RF"
2020,"SDN","NL","johnspi01",24,0,0,24,24,0,0,0,0,0,0,0,0,0,0,0,0,"P"
2020,"DET","AL","jonesja07",30,28,30,28,0,0,0,0,0,0,0,28,0,28,0,2,0,"CF"
2020,"LAA","AL","jonesja08",3,2,3,2,0,0,0,2,0,0,0,0,0,0,0,0,1,"2B"
2020,"CIN","NL","jonesna01",21,0,0,21,21,0,0,0,0,0,0,0,0,0,0,0,0,"P"
2020,"HOU","AL","jonesta01",7,6,7,3,0,0,3,0,0,0,0,0,0,0,4,1,0,"DH"
2020,"TOR","AL","josepca01",3,2,3,3,0,3,0,0,0,0,0,0,0,0,0,0,0,"C"
2020,"MIA","NL","joycema01",46,37,46,36,0,0,0,0,0,0,15,0,27,36,10,8,0,"RF"
2020,"NYA","AL","judgeaa01",28,26,28,25,0,0,0,0,0,0,0,0,25,25,3,2,0,"RF"
2020,"KCA","AL","junisja01",8,6,0,8,8,0,0,0,0,0,0,0,0,0,0,0,0,"P"
2020,"NYN","NL","juradar01",1,1,0,1,1,0,0,0,0,0,0,0,0,0,0,0,0,"P"
2020,"NYA","AL","kahnlto01",1,0,0,1,1,0,0,0,0,0,0,0,0,0,0,0,0,"P"
2020,"SLN","NL","kaminro01",5,0,0,5,5,0,0,0,0,0,0,0,0,0,0,0,0,"P"
2020,"OAK","AL","kaprija01",2,0,0,2,2,0,0,0,0,0,0,0,0,0,0,0,0,"P"
2020,"CLE","AL","karinja01",27,0,0,27,27,0,0,0,0,0,0,0,0,0,0,0,0,"P"
2020,"TOR","AL","kayan01",13,0,0,13,13,0,0,0,0,0,0,0,0,0,0,0,0,"P"
2020,"PIT","NL","kelake01",3,0,0,3,3,0,0,0,0,0,0,0,0,0,0,0,0,"P"
2020,"KCA","AL","kellebr01",9,9,0,9,9,0,0,0,0,0,0,0,0,0,0,0,0,"P"
2020,"LAA","AL","kelleky01",2,0,0,2,2,0,0,0,0,0,0,0,0,0,0,0,0,"P"
2020,"PIT","NL","kellemi03",5,5,0,5,5,0,0,0,0,0,0,0,0,0,0,0,0,"P"
2020,"PHI","NL","kelletr01",4,0,1,4,4,0,0,0,0,0,0,0,0,0,0,0,0,"P"
2020,"ARI","NL","kellyca02",39,35,39,38,1,38,0,0,0,0,0,0,0,0,1,2,0,"C"
2020,"LAN","NL","kellyjo05",12,1,0,12,12,0,0,0,0,0,0,0,0,0,0,0,0,"P"
2020,"ARI","NL","kellyme01",5,5,0,5,5,0,0,0,0,0,0,0,0,0,0,0,0,"P"
2020,"COL","NL","kempma01",43,30,43,1,0,0,0,0,0,0,1,0,0,1,33,13,0,"DH"
2020,"OAK","AL","kempto01",49,32,49,46,0,0,0,43,0,0,3,0,0,3,2,4,5,"2B"
2020,"WAS","NL","kendrho01",25,25,25,6,0,0,6,0,0,0,0,0,0,0,19,0,0,"DH"
2020,"KCA","AL","kenneia01",15,1,0,15,15,0,0,0,0,0,0,0,0,0,0,0,0,"P"
2020,"MIN","AL","keplema01",48,46,48,46,0,0,0,0,0,0,0,2,44,46,1,1,1,"RF"
2020,"LAN","NL","kershcl01",10,10,0,10,10,0,0,0,0,0,0,0,0,0,0,0,0,"P"
2020,"CHA","AL","keuchda01",11,11,0,11,11,0,0,0,0,0,0,0,0,0,0,0,0,"P"
2020,"BOS","AL","kickhmi01",6,2,0,6,6,0,0,0,0,0,0,0,0,0,0,0,0,"P"
2020,"WAS","NL","kieboca01",33,31,33,31,0,0,0,0,31,0,0,0,0,0,1,1,1,"3B"
2020,"TBA","AL","kiermke01",49,41,49,46,0,0,0,0,0,0,0,46,0,46,0,6,1,"CF"
2020,"SEA","AL","kikucyu01",9,9,0,9,9,0,0,0,0,0,0,0,0,0,0,0,0,"P"
2020,"NYN","NL","kilomfr01",4,0,0,4,4,0,0,0,0,0,0,0,0,0,0,0,0,"P"
2020,"CHN","NL","kimbrcr01",18,0,3,18,18,0,0,0,0,0,0,0,0,0,0,0,0,"P"
2020,"SLN","NL","kimkw01",8,7,0,8,8,0,0,0,0,0,0,0,0,0,0,0,0,"P"
2020,"TEX","AL","kineris01",58,57,58,57,0,0,0,0,46,15,0,0,0,0,0,1,0,"3B"
2020,"PHI","NL","kingesc01",36,34,36,36,0,0,0,29,0,1,0,9,0,9,0,0,2,"2B"
2020,"TEX","AL","kingjo01",6,0,0,6,6,0,0,0,0,0,0,0,0,0,0,0,0,"P"
2020,"NYA","AL","kingmi01",9,4,0,9,9,0,0,0,0,0,0,0,0,0,0,0,0,"P"
2020,"COL","NL","kinlety01",24,0,0,24,24,0,0,0,0,0,0,0,0,0,0,0,0,"P"
2020,"MIA","NL","kintzbr01",24,0,0,24,24,0,0,0,0,0,0,0,0,0,0,0,0,"P"
2020,"CHN","NL","kipnija01",44,38,44,37,0,0,1,36,0,0,0,0,0,0,6,3,0,"2B"
2020,"TOR","AL","kirkal01",9,7,9,7,0,7,0,0,0,0,0,0,0,0,1,1,0,"C"
2020,"TBA","AL","kittran01",8,1,0,8,8,0,0,0,0,0,0,0,0,0,0,0,0,"P"
2020,"BAL","AL","klinebr01",3,0,0,3,3,0,0,0,0,0,0,0,0,0,0,0,0,"P"
2020,"TEX","AL","klubeco01",1,1,0,1,1,0,0,0,0,0,0,0,0,0,0,0,0,"P"
2020,"PHI","NL","knappan01",33,23,33,30,0,29,1,0,0,0,0,0,0,0,2,5,0,"C"
2020,"MIL","NL","knebeco01",15,0,0,15,15,0,0,0,0,0,0,0,0,0,0,0,0,"P"
2020,"SLN","NL","kniznan01",8,4,8,7,0,7,0,0,0,0,0,0,0,0,1,2,1,"C"
2020,"LAN","NL","kolarad01",21,0,1,21,20,0,0,0,0,0,0,0,1,1,0,0,0,"P"
2020,"NYA","AL","kratzer01",18,9,16,18,2,12,4,0,0,0,0,0,0,0,0,0,0,"C"
2020,"BAL","AL","kremede01",4,4,0,4,4,0,0,0,0,0,0,0,0,0,0,0,0,"P"
2020,"NYA","AL","kriskbr01",4,0,0,4,4,0,0,0,0,0,0,0,0,0,0,0,0,"P"
2020,"PIT","NL","kuhlch01",11,9,0,11,11,0,0,0,0,0,0,0,0,0,0,0,0,"P"
2020,"CIN","NL","kuhnejo01",3,0,0,3,3,0,0,0,0,0,0,0,0,0,0,0,0,"P"
2020,"NYN","NL","lagarju01",2,0,2,2,0,0,0,0,0,0,0,2,0,2,0,0,1,"CF"
2020,"CHA","AL","lailbr01",1,0,0,1,1,0,0,0,0,0,0,0,0,0,0,0,0,"P"
2020,"SEA","AL","lailbr01",7,0,0,7,7,0,0,0,0,0,0,0,0,0,0,0,0,"P"
2020,"BAL","AL","lakintr01",22,0,1,22,22,0,0,0,0,0,0,0,0,0,0,0,0,"P"
2020,"CHA","AL","lambeji01",2,0,0,2,2,0,0,0,0,0,0,0,0,0,0,0,0,"P"
2020,"ARI","NL","lambja01",18,15,18,15,0,0,12,0,3,0,0,0,0,0,3,0,0,"1B"
2020,"OAK","AL","lambja01",13,13,13,11,0,0,0,0,11,0,0,0,0,0,2,0,0,"3B"
2020,"SDN","NL","lametdi01",12,12,0,12,12,0,0,0,0,0,0,0,0,0,0,0,0,"P"
2020,"LAA","AL","lasteto01",28,26,28,24,0,0,10,15,0,0,0,0,0,0,3,2,0,"2B"
2020,"OAK","AL","lasteto01",27,27,27,21,0,0,0,18,6,0,0,0,0,0,6,0,0,"2B"
2020,"MIL","NL","lauerer01",4,2,0,4,4,0,0,0,0,0,0,0,0,0,0,0,0,"P"
2020,"OAK","AL","laurera01",54,54,54,53,0,0,0,0,0,0,0,53,0,53,1,0,0,"CF"
2020,"MIA","NL","lavarry01",5,3,5,5,0,5,0,0,0,0,0,0,0,0,0,0,0,"C"
2020,"BAL","AL","leblawa01",6,6,0,6,6,0,0,0,0,0,0,0,0,0,0,0,0,"P"
2020,"TEX","AL","leclejo01",2,0,0,2,2,0,0,0,0,0,0,0,0,0,0,0,0,"P"
2020,"MIA","NL","leibrbr01",5,0,0,5,5,0,0,0,0,0,0,0,0,0,0,0,0,"P"
2020,"NYA","AL","lemahdj01",50,47,50,47,0,0,11,37,11,0,0,0,0,0,1,3,0,"2B"
2020,"CLE","AL","leonedo01",12,0,0,12,12,0,0,0,0,0,0,0,0,0,0,0,0,"P"
2020,"CLE","AL","leonsa01",25,20,25,24,0,24,0,0,0,0,0,0,0,0,1,2,0,"C"
2020,"CHN","NL","lestejo01",12,12,0,12,12,0,0,0,0,0,0,0,0,0,0,0,0,"P"
2020,"ARI","NL","lewicar01",2,0,0,2,2,0,0,0,0,0,0,0,0,0,0,0,0,"P"
2020,"SEA","AL","lewisky01",58,57,58,57,0,0,0,0,0,0,0,57,0,57,1,0,1,"CF"
2020,"BOS","AL","leyerro01",6,1,0,6,6,0,0,0,0,0,0,0,0,0,0,0,0,"P"
2020,"MIL","NL","lindbjo01",12,10,0,12,12,0,0,0,0,0,0,0,0,0,0,0,0,"P"
2020,"CLE","AL","lindofr01",60,60,60,58,0,0,0,0,0,58,0,0,0,0,2,0,0,"SS"
2020,"BOS","AL","lintz01",26,13,26,25,1,1,0,6,0,12,4,2,3,9,1,1,4,"SS"
2020,"MIN","AL","litteza01",6,0,0,6,6,0,0,0,0,0,0,0,0,0,0,0,0,"P"
2020,"PHI","NL","llovema01",1,0,0,1,1,0,0,0,0,0,0,0,0,0,0,0,0,"P"
2020,"NYA","AL","loaisjo01",12,3,0,12,12,0,0,0,0,0,0,0,0,0,0,0,0,"P"
2020,"ARI","NL","locasti01",33,16,33,25,0,0,0,0,0,0,7,13,6,25,4,5,8,"CF"
2020,"NYN","NL","lockean01",2,1,0,2,2,0,0,0,0,0,0,0,0,0,0,0,0,"P"
2020,"SEA","AL","lockean01",5,0,0,5,5,0,0,0,0,0,0,0,0,0,0,0,0,"P"
2020,"SFN","NL","longoev01",53,50,53,52,0,0,0,0,52,0,0,0,0,0,0,1,0,"3B"
2020,"SEA","AL","longsh01",34,31,34,33,0,0,0,32,0,0,1,0,0,1,1,3,0,"2B"
2020,"SEA","AL","lopesti01",46,38,46,30,1,0,0,0,1,0,17,0,12,28,17,7,0,"LF"
2020,"BAL","AL","lopezjo02",9,6,0,9,9,0,0,0,0,0,0,0,0,0,0,0,0,"P"
2020,"KCA","AL","lopezjo02",1,0,0,1,1,0,0,0,0,0,0,0,0,0,0,0,0,"P"
2020,"KCA","AL","lopezni01",56,51,56,55,0,0,0,53,2,4,0,0,0,0,0,2,0,"2B"
2020,"MIA","NL","lopezpa01",11,11,0,11,11,0,0,0,0,0,0,0,0,0,0,0,0,"P"
2020,"CHA","AL","lopezre01",8,8,0,8,8,0,0,0,0,0,0,0,0,0,0,0,0,"P"
2020,"ARI","NL","lopezyo01",20,0,0,20,20,0,0,0,0,0,0,0,0,0,0,0,0,"P"
2020,"CIN","NL","lorenmi01",23,2,6,21,18,0,0,0,0,0,0,3,0,3,1,0,3,"P"
2020,"TBA","AL","loupaa01",24,0,0,24,24,0,0,0,0,0,0,0,0,0,0,0,0,"P"
2020,"KCA","AL","lovelri01",1,0,0,1,1,0,0,0,0,0,0,0,0,0,0,0,0,"P"
2020,"TBA","AL","lowebr01",56,49,56,51,0,0,1,44,0,0,5,0,7,12,4,7,0,"2B"
2020,"TBA","AL","lowena01",21,19,21,16,0,0,15,0,2,0,0,0,0,0,3,2,0,"1B"
2020,"SDN","NL","lucchjo01",3,2,0,3,3,0,0,0,0,0,0,0,0,0,0,0,0,"P"
2020,"BOS","AL","lucrojo01",1,0,1,1,0,1,0,0,0,0,0,0,0,0,0,0,0,"C"
2020,"DET","AL","lugoda01",9,2,9,6,0,0,0,1,5,0,0,0,0,0,2,1,3,"3B"
2020,"NYN","NL","lugose01",16,7,0,16,16,0,0,0,0,0,0,0,0,0,0,0,0,"P"
2020,"CLE","AL","luplojo01",29,24,29,29,0,0,0,0,0,0,21,0,9,29,0,5,0,"LF"
2020,"LAN","NL","luxga01",19,16,19,18,0,0,0,18,0,0,0,0,0,0,1,0,0,"2B"
2020,"OAK","AL","luzarje01",12,9,0,12,12,0,0,0,0,0,0,0,0,0,0,0,0,"P"
2020,"TEX","AL","lylesjo01",12,9,0,12,12,0,0,0,0,0,0,0,0,0,0,0,0,"P"
2020,"TEX","AL","lynnla01",13,13,0,13,13,0,0,0,0,0,0,0,0,0,0,0,0,"P"
2020,"NYA","AL","lyonsty01",1,0,0,1,1,0,0,0,0,0,0,0,0,0,0,0,0,"P"
2020,"SDN","NL","machama01",60,60,60,56,0,0,0,0,56,0,0,0,0,0,4,0,0,"3B"
2020,"OAK","AL","machivi01",24,18,24,19,0,0,2,3,10,6,0,0,0,0,4,1,0,"3B"
2020,"CHA","AL","madrini01",29,29,29,29,0,0,0,29,0,0,0,0,0,0,0,0,0,"2B"
2020,"MIN","AL","maedake01",11,11,0,11,11,0,0,0,0,0,0,0,0,0,0,0,0,"P"
2020,"SEA","AL","magilma01",11,0,0,11,11,0,0,0,0,0,0,0,0,0,0,0,0,"P"
2020,"CIN","NL","mahlety01",10,9,0,10,10,0,0,0,0,0,0,0,0,0,0,0,0,"P"
2020,"HOU","AL","maldoma01",47,46,47,47,0,47,0,0,0,0,0,0,0,0,0,0,0,"C"
2020,"OAK","AL","manaese01",11,11,0,11,11,0,0,0,0,0,0,0,0,0,0,0,0,"P"
2020,"ARI","NL","mantijo01",4,0,0,4,4,0,0,0,0,0,0,0,0,0,0,0,0,"P"
2020,"CHN","NL","mapledi01",2,0,0,2,2,0,0,0,0,0,0,0,0,0,0,0,0,"P"
2020,"PHI","NL","marchra01",3,3,3,3,0,3,0,0,0,0,0,0,0,0,0,0,0,"C"
2020,"SEA","AL","margeni01",10,7,0,10,10,0,0,0,0,0,0,0,0,0,0,0,0,"P"
2020,"TBA","AL","margoma01",47,37,47,46,0,0,0,0,0,0,18,21,15,46,1,2,2,"CF"
2020,"NYN","NL","marisja01",16,8,16,16,0,0,0,0,0,0,0,16,0,16,0,0,1,"CF"
2020,"ATL","NL","markani01",37,33,37,34,0,0,0,0,0,0,7,0,29,34,2,3,0,"RF"
2020,"SEA","AL","marmojo01",35,30,35,24,0,0,5,0,0,0,18,0,2,19,10,3,0,"LF"
2020,"CHN","NL","marqubr01",1,0,0,1,1,0,0,0,0,0,0,0,0,0,0,0,0,"P"
2020,"COL","NL","marquge01",13,13,0,13,13,0,0,0,0,0,0,0,0,0,0,0,0,"P"
2020,"CHA","AL","marshev01",23,0,0,23,23,0,0,0,0,0,0,0,0,0,0,0,0,"P"
2020,"ARI","NL","marteke01",45,45,45,44,0,0,0,41,0,2,0,3,0,3,1,0,0,"2B"
2020,"ARI","NL","martest01",33,33,33,33,0,0,0,0,0,0,1,33,0,33,0,0,0,"CF"
2020,"MIA","NL","martest01",28,27,28,28,0,0,0,0,0,0,0,28,0,28,0,1,0,"CF"
2020,"TEX","AL","martibr01",15,0,0,15,15,0,0,0,0,0,0,0,0,0,0,0,0,"P"
2020,"SLN","NL","martica04",5,5,0,5,5,0,0,0,0,0,0,0,0,0,0,0,0,"P"
2020,"ATL","NL","martich02",19,0,0,19,19,0,0,0,0,0,0,0,0,0,0,0,0,"P"
2020,"PIT","NL","martija03",7,3,7,5,0,0,0,0,0,0,1,4,0,5,0,0,2,"CF"
2020,"BOS","AL","martijd02",54,54,54,6,0,0,0,0,0,0,3,0,4,6,48,0,0,"DH"
2020,"CHN","NL","martijo08",10,4,10,0,0,0,0,0,0,0,0,0,0,0,7,6,0,"DH"
2020,"TBA","AL","martijo08",24,17,24,6,0,0,6,0,0,0,0,0,0,0,13,7,0,"DH"
2020,"SDN","NL","mateojo01",22,6,22,12,0,0,0,5,0,0,3,1,3,7,4,4,7,"2B"
2020,"TEX","AL","mathije01",24,22,24,24,0,24,0,0,0,0,0,0,0,0,0,1,0,"C"
2020,"MIL","NL","mathima01",16,8,16,13,0,0,1,1,0,0,4,1,8,11,2,5,1,"RF"
2020,"ARI","NL","mathiwy01",9,8,9,7,0,0,0,0,7,0,0,0,0,0,2,1,0,"3B"
2020,"CLE","AL","matonph01",23,0,0,23,23,0,0,0,0,0,0,0,0,0,0,0,0,"P"
2020,"ATL","NL","matzety01",21,0,0,21,21,0,0,0,0,0,0,0,0,0,0,0,0,"P"
2020,"NYN","NL","matzst01",9,6,0,9,9,0,0,0,0,0,0,0,0,0,0,0,0,"P"
2020,"CHN","NL","maybica01",18,11,18,14,0,0,0,0,0,0,5,4,7,14,2,4,1,"RF"
2020,"DET","AL","maybica01",14,12,14,12,0,0,0,0,0,0,0,0,12,12,1,1,1,"RF"
2020,"LAN","NL","maydu01",12,10,0,12,12,0,0,0,0,0,0,0,0,0,0,0,0,"P"
2020,"LAA","AL","mayermi01",29,0,0,29,29,0,0,0,0,0,0,0,0,0,0,0,0,"P"
2020,"HOU","AL","mayfija01",21,13,21,20,0,0,0,5,8,8,0,0,0,0,1,2,2,"SS"
2020,"MIN","AL","maytr01",24,0,0,24,24,0,0,0,0,0,0,0,0,0,0,0,0,"P"
2020,"CHA","AL","mazarno01",42,38,42,42,0,0,0,0,0,0,0,0,42,42,0,4,0,"RF"
2020,"BOS","AL","mazzach01",9,6,0,9,9,0,0,0,0,0,0,0,0,0,0,0,0,"P"
2020,"KCA","AL","mcbrory01",36,19,36,14,0,0,10,0,0,0,3,0,1,4,9,17,0,"1B"
2020,"CHA","AL","mccanja02",31,27,31,30,0,30,0,0,0,0,0,0,0,0,0,1,0,"C"
2020,"SFN","NL","mccarjo04",4,3,4,4,0,0,0,0,0,0,3,0,1,4,0,0,0,"LF"
2020,"KCA","AL","mccarke01",5,0,0,5,5,0,0,0,0,0,0,0,0,0,0,0,0,"P"
2020,"PHI","NL","mcclare01",5,0,0,5,5,0,0,0,0,0,0,0,0,0,0,0,0,"P"
2020,"HOU","AL","mcculla02",11,11,0,11,11,0,0,0,0,0,0,0,0,0,0,0,0,"P"
2020,"PHI","NL","mccutan01",57,52,57,39,0,0,0,0,0,0,39,0,0,39,16,4,0,"LF"
2020,"OAK","AL","mcfartj01",23,0,0,23,23,0,0,0,0,0,0,0,0,0,0,0,0,"P"
2020,"LAN","NL","mcgeeja01",24,0,0,24,24,0,0,0,0,0,0,0,0,0,0,0,0,"P"
2020,"WAS","NL","mcgowky01",9,0,0,9,9,0,0,0,0,0,0,0,0,0,0,0,0,"P"
2020,"TOR","AL","mcguire01",19,12,19,18,0,18,0,0,0,0,0,0,0,0,0,1,0,"C"
2020,"DET","AL","mckayda02",1,0,0,1,1,0,0,0,0,0,0,0,0,0,0,0,0,"P"
2020,"CLE","AL","mckentr01",8,6,0,8,8,0,0,0,0,0,0,0,0,0,0,0,0,"P"
2020,"TOR","AL","mckinbi01",2,1,2,1,0,0,0,0,0,0,1,0,1,1,0,0,1,"LF"
2020,"LAN","NL","mckinza01",4,1,4,2,0,0,0,1,0,0,0,0,1,1,2,3,0,"DH"
2020,"COL","NL","mcmahry01",52,48,52,51,0,0,12,33,14,2,0,0,0,0,0,3,0,"2B"
2020,"NYN","NL","mcneije01",52,50,52,48,0,0,0,12,9,0,28,0,4,30,2,2,0,"LF"
2020,"CHA","AL","mcraeal01",2,0,0,2,2,0,0,0,0,0,0,0,0,0,0,0,0,"P"
2020,"TBA","AL","meadoau01",36,33,36,26,0,0,0,0,0,0,23,0,4,26,9,3,0,"LF"
2020,"BAL","AL","meansjo01",10,10,0,10,10,0,0,0,0,0,0,0,0,0,0,0,0,"P"
2020,"PIT","NL","mearsni01",4,0,0,4,4,0,0,0,0,0,0,0,0,0,0,0,0,"P"
2020,"PHI","NL","medinad01",1,1,0,1,1,0,0,0,0,0,0,0,0,0,0,0,0,"P"
2020,"SLN","NL","meisiry01",2,0,0,2,2,0,0,0,0,0,0,0,0,0,0,0,0,"P"
2020,"KCA","AL","mejiaer01",8,3,8,7,0,0,0,1,4,0,2,0,0,2,0,2,1,"3B"
2020,"SDN","NL","mejiafr01",17,12,17,16,0,16,0,0,0,0,0,0,0,0,0,3,0,"C"
2020,"MIA","NL","mejiahu01",3,3,0,3,3,0,0,0,0,0,0,0,0,0,0,0,0,"P"
2020,"ATL","NL","melanma01",23,0,1,23,23,0,0,0,0,0,0,0,0,0,0,0,0,"P"
2020,"ARI","NL","mellake01",11,0,0,11,11,0,0,0,0,0,0,0,0,0,0,0,0,"P"
2020,"CHA","AL","mendida01",33,29,33,33,0,0,0,28,3,4,0,0,0,0,0,0,0,"2B"
2020,"SFN","NL","menezco01",7,0,0,7,7,0,0,0,0,0,0,0,0,0,0,0,0,"P"
2020,"OAK","AL","mengdda01",4,1,0,4,4,0,0,0,0,0,0,0,0,0,0,0,0,"P"
2020,"CLE","AL","mercaos01",36,26,36,32,0,0,0,0,0,0,12,21,0,32,2,3,4,"CF"
2020,"DET","AL","mercejo03",3,2,3,3,0,0,2,0,2,0,0,0,0,0,0,1,0,"1B"
2020,"NYA","AL","mercejo03",6,4,6,6,0,0,0,0,0,6,0,0,0,0,0,0,0,"SS"
2020,"CHA","AL","merceye01",1,0,1,0,0,0,0,0,0,0,0,0,0,0,1,1,0,"DH"
2020,"KCA","AL","merriwh01",60,60,60,60,0,0,1,15,0,0,6,23,34,51,0,0,0,"RF"
2020,"TOR","AL","merryju01",8,3,0,8,8,0,0,0,0,0,0,0,0,0,0,0,0,"P"
2020,"LAA","AL","middlke01",13,0,0,13,13,0,0,0,0,0,0,0,0,0,0,0,0,"P"
2020,"CIN","NL","mileywa01",6,4,0,6,6,0,0,0,0,0,0,0,0,0,0,0,0,"P"
2020,"SLN","NL","millean01",16,0,0,16,16,0,0,0,0,0,0,0,0,0,0,0,0,"P"
2020,"SLN","NL","millebr02",48,44,48,18,0,0,0,1,15,2,0,0,0,0,32,3,0,"DH"
2020,"CHN","NL","milleia01",1,0,1,0,0,0,0,0,0,0,0,0,0,0,0,0,1,"P"
2020,"CHN","NL","millety01",2,1,0,2,2,0,0,0,0,0,0,0,0,0,0,0,0,"P"
2020,"CHN","NL","millsal02",12,11,1,11,11,0,0,0,0,0,0,0,0,0,0,1,0,"P"
2020,"LAA","AL","milneho01",19,0,0,19,19,0,0,0,0,0,0,0,0,0,0,0,0,"P"
2020,"ATL","NL","milonto01",3,3,0,3,3,0,0,0,0,0,0,0,0,0,0,0,0,"P"
2020,"BAL","AL","milonto01",6,6,0,6,6,0,0,0,0,0,0,0,0,0,0,0,0,"P"
2020,"OAK","AL","minormi01",5,4,0,5,5,0,0,0,0,0,0,0,0,0,0,0,0,"P"
2020,"TEX","AL","minormi01",7,7,0,7,7,0,0,0,0,0,0,0,0,0,0,0,0,"P"
2020,"ATL","NL","minteaj01",22,0,0,22,22,0,0,0,0,0,0,0,0,0,0,0,0,"P"
2020,"SEA","AL","misiean01",21,0,0,21,21,0,0,0,0,0,0,0,0,0,0,0,0,"P"
2020,"DET","AL","mizeca01",7,7,0,7,7,0,0,0,0,0,0,0,0,0,0,0,0,"P"
2020,"SLN","NL","molinya01",42,42,42,42,0,42,2,0,0,0,0,0,0,0,0,0,0,"C"
2020,"CHA","AL","moncayo01",52,51,52,52,0,0,0,0,52,0,0,0,0,0,0,1,0,"3B"
2020,"KCA","AL","mondera02",59,59,59,59,0,0,0,0,0,59,0,0,0,0,0,0,0,"SS"
2020,"PHI","NL","moniami01",8,4,8,6,0,0,0,0,0,0,5,0,1,6,1,1,2,"LF"
2020,"OAK","AL","montafr01",11,11,0,11,11,0,0,0,0,0,0,0,0,0,0,0,0,"P"
2020,"TEX","AL","montera01",17,0,0,17,17,0,0,0,0,0,0,0,0,0,0,0,0,"P"
2020,"NYA","AL","montgjo01",10,10,0,10,10,0,0,0,0,0,0,0,0,0,0,0,0,"P"
2020,"KCA","AL","montgmi01",3,1,0,3,3,0,0,0,0,0,0,0,0,0,0,0,0,"P"
2020,"SEA","AL","mooredy01",38,36,38,38,0,0,3,10,2,3,13,1,13,24,0,0,1,"LF"
2020,"MIA","NL","moranbr01",5,0,0,5,5,0,0,0,0,0,0,0,0,0,0,0,0,"P"
2020,"TOR","AL","moranbr01",2,0,0,2,2,0,0,0,0,0,0,0,0,0,0,0,0,"P"
2020,"PIT","NL","moranco01",52,50,52,26,0,0,22,0,4,0,0,0,0,0,26,1,0,"DH"
2020,"SDN","NL","morejad01",9,4,0,9,9,0,0,0,0,0,0,0,0,0,0,0,0,"P"
2020,"BOS","AL","morelmi01",22,19,22,22,0,0,22,0,0,0,0,0,0,0,0,3,0,"1B"
2020,"SDN","NL","morelmi01",20,17,20,16,0,0,16,0,0,0,0,0,0,0,3,1,0,"1B"
2020,"PHI","NL","morgaad01",17,0,0,17,17,0,0,0,0,0,0,0,0,0,0,0,0,"P"
2020,"MIA","NL","morinmi01",3,0,0,3,3,0,0,0,0,0,0,0,0,0,0,0,0,"P"
2020,"MIL","NL","morrilo01",9,6,9,2,0,0,2,0,0,0,0,0,0,0,6,3,0,"DH"
2020,"TBA","AL","mortoch02",9,9,0,9,9,0,0,0,0,0,0,0,0,0,0,0,0,"P"
2020,"BAL","AL","mountry01",35,34,35,33,0,0,10,0,0,0,25,0,0,25,2,1,0,"LF"
2020,"CIN","NL","moustmi01",44,43,44,41,0,0,10,32,2,0,0,0,0,0,3,1,0,"2B"
2020,"COL","NL","mujicjo01",2,0,0,2,2,0,0,0,0,0,0,0,0,0,0,0,0,"P"
2020,"BAL","AL","mullice01",48,38,48,47,0,0,0,0,0,0,4,41,4,47,1,0,3,"CF"
2020,"LAN","NL","muncyma01",58,58,58,56,0,0,35,12,16,0,0,0,0,0,2,0,0,"1B"
2020,"BOS","AL","munozya01",12,12,12,11,0,0,0,0,0,0,7,0,4,11,1,0,0,"LF"
2020,"COL","NL","murphda08",40,31,40,29,0,0,29,0,0,0,0,0,0,0,4,8,0,"1B"
2020,"PIT","NL","murphjr01",25,19,25,24,1,23,0,0,0,0,0,0,0,0,0,1,0,"C"
2020,"TOR","AL","murphpa02",4,0,0,4,4,0,0,0,0,0,0,0,0,0,0,0,0,"P"
2020,"OAK","AL","murphse01",43,39,43,43,0,43,0,0,0,0,0,0,0,0,0,1,0,"C"
2020,"PIT","NL","musgrjo01",8,8,0,8,8,0,0,0,0,0,0,0,0,0,0,0,0,"P"
2020,"SDN","NL","myerswi01",55,55,55,53,0,0,2,0,0,0,0,0,52,52,2,0,0,"RF"
2020,"CLE","AL","naquity01",40,32,40,39,0,0,0,0,0,0,0,0,39,39,0,7,0,"RF"
2020,"MIL","NL","narvaom01",40,32,40,39,0,39,0,0,0,0,0,0,0,0,0,5,1,"C"
2020,"MIA","NL","navarbr01",2,2,2,2,0,2,0,0,0,0,0,0,0,0,0,0,0,"C"
2020,"CLE","AL","naylojo01",22,16,22,20,0,0,2,0,0,0,19,0,0,19,0,5,0,"LF"
2020,"SDN","NL","naylojo01",18,10,18,9,0,0,3,0,0,0,3,0,4,7,8,6,0,"DH"
2020,"MIA","NL","neideni01",4,0,0,4,4,0,0,0,0,0,0,0,0,0,0,0,0,"P"
2020,"CLE","AL","nelsoky01",1,0,0,1,1,0,0,0,0,0,0,0,0,0,0,0,0,"P"
2020,"NYA","AL","nelsoni01",11,0,0,11,11,0,0,0,0,0,0,0,0,0,0,0,0,"P"
2020,"PHI","NL","nerishe01",24,0,1,24,24,0,0,0,0,0,0,0,0,0,0,0,0,"P"
2020,"PIT","NL","neverdo01",17,0,0,17,17,0,0,0,0,0,0,0,0,0,0,0,0,"P"
2020,"KCA","AL","newbeja01",20,0,0,20,20,0,0,0,0,0,0,0,0,0,0,0,0,"P"
2020,"ATL","NL","newcose01",4,4,0,4,4,0,0,0,0,0,0,0,0,0,0,0,0,"P"
2020,"PIT","NL","newmake01",44,41,44,41,0,0,0,20,0,23,0,0,0,0,0,3,0,"SS"
2020,"SEA","AL","newsolj01",5,4,0,5,5,0,0,0,0,0,0,0,0,0,0,0,0,"P"
2020,"TEX","AL","nicasju01",2,0,0,2,2,0,0,0,0,0,0,0,0,0,0,0,0,"P"
2020,"NYN","NL","nidoto01",7,7,7,7,0,7,0,0,0,0,0,0,0,0,0,0,0,"C"
2020,"NYN","NL","nimmobr01",55,50,55,55,0,0,0,0,0,0,22,44,10,55,0,1,1,"CF"
2020,"SLN","NL","nogowjo01",1,1,1,1,0,0,1,0,0,0,0,0,0,0,0,0,0,"1B"
2020,"PHI","NL","nolaaa01",12,11,1,12,12,0,0,0,0,0,0,0,0,0,0,0,0,"P"
2020,"SDN","NL","nolaau01",19,18,19,17,0,17,0,0,0,0,0,0,0,0,3,0,0,"C"
2020,"SEA","AL","nolaau01",29,26,29,29,0,27,2,0,1,0,0,0,0,0,1,3,0,"C"
2020,"WAS","NL","nollja01",7,3,7,5,0,0,4,0,1,0,0,0,0,0,2,3,0,"1B"
2020,"DET","AL","norrida01",14,1,0,14,14,0,0,0,0,0,0,0,0,0,0,0,0,"P"
2020,"CHN","NL","norwoja01",3,0,0,3,3,0,0,0,0,0,0,0,0,0,0,0,0,"P"
2020,"MIL","NL","nottija01",20,16,20,19,0,19,0,0,0,0,0,0,0,0,0,1,1,"C"
2020,"DET","AL","novaiv01",4,4,0,4,4,0,0,0,0,0,0,0,0,0,0,0,0,"P"
2020,"NYN","NL","nunezed02",2,0,2,1,0,0,0,0,0,0,0,0,1,1,1,0,1,"RF"
2020,"BAL","AL","nunezre01",52,51,52,30,0,0,28,0,4,0,0,0,0,0,21,1,0,"1B"
2020,"ATL","NL","odayda01",19,0,0,19,19,0,0,0,0,0,0,0,0,0,0,0,0,"P"
2020,"SEA","AL","odomjo01",18,15,18,18,0,18,0,0,0,0,0,0,0,0,0,1,0,"C"
2020,"MIN","AL","odorija01",4,4,0,4,4,0,0,0,0,0,0,0,0,0,0,0,0,"P"
2020,"TEX","AL","odorro01",38,38,38,37,0,0,0,37,0,0,0,0,0,0,1,0,0,"2B"
2020,"TBA","AL","ogradbr01",2,1,2,2,0,0,1,0,0,0,1,1,0,1,0,0,0,"1B"
2020,"KCA","AL","ohearry01",42,31,42,27,0,0,27,0,0,0,0,0,0,0,8,11,0,"1B"
2020,"LAA","AL","ohtansh01",46,42,44,2,2,0,0,0,0,0,0,0,0,0,40,3,1,"DH"
2020,"KCA","AL","olivaed02",18,16,18,18,0,0,0,0,0,0,7,10,5,18,0,0,0,"CF"
2020,"SDN","NL","olivaed02",13,8,13,12,0,0,0,0,0,0,7,1,6,12,1,2,0,"LF"
2020,"PIT","NL","olivaja01",6,4,6,5,0,0,0,0,0,0,4,1,0,5,0,1,0,"LF"
2020,"OAK","AL","olsonma02",60,59,60,60,0,0,60,0,0,0,0,0,0,0,0,0,0,"1B"
2020,"SDN","NL","onajo01",5,4,5,1,0,0,0,0,0,0,0,0,1,1,4,0,0,"DH"
2020,"SLN","NL","oneilty01",50,43,50,48,0,0,0,0,0,0,48,0,0,48,2,2,1,"LF"
2020,"OAK","AL","orfna01",6,1,6,5,0,0,0,2,0,3,0,0,0,0,0,2,1,"SS"
2020,"BOS","AL","osichjo01",13,1,0,13,13,0,0,0,0,0,0,0,0,0,0,0,0,"P"
2020,"CHN","NL","osichjo01",4,0,0,4,4,0,0,0,0,0,0,0,0,0,0,0,0,"P"
2020,"PIT","NL","osunajo01",26,22,26,20,0,0,9,0,5,0,4,0,7,11,4,2,0,"1B"
2020,"HOU","AL","osunaro01",4,0,0,4,4,0,0,0,0,0,0,0,0,0,0,0,0,"P"
2020,"NYN","NL","oswalco01",4,1,0,4,4,0,0,0,0,0,0,0,0,0,0,0,0,"P"
2020,"NYA","AL","ottavad01",24,0,0,24,24,0,0,0,0,0,0,0,0,0,0,0,0,"P"
2020,"SLN","NL","oviedjo01",5,5,0,5,5,0,0,0,0,0,0,0,0,0,0,0,0,"P"
2020,"COL","NL","owingch01",17,11,17,15,0,0,0,8,2,1,2,2,2,6,0,3,2,"2B"
2020,"ATL","NL","ozunama01",60,60,60,21,0,0,0,0,0,0,19,0,2,21,39,0,0,"DH"
2020,"ATL","NL","pachecr01",2,1,2,2,0,0,0,0,0,0,2,0,0,2,0,0,0,"LF"
2020,"SDN","NL","paddach01",12,12,0,12,12,0,0,0,0,0,0,0,0,0,0,0,0,"P"
2020,"SDN","NL","paganem01",22,0,1,22,22,0,0,0,0,0,0,0,0,0,0,0,0,"P"
2020,"TEX","AL","palumjo01",2,0,0,2,2,0,0,0,0,0,0,0,0,0,0,0,0,"P"
2020,"TOR","AL","panikjo01",41,32,41,38,0,0,0,18,12,14,0,0,0,0,2,6,0,"2B"
2020,"HOU","AL","pareden01",22,0,0,22,22,0,0,0,0,0,0,0,0,0,0,0,0,"P"
2020,"DET","AL","paredis01",34,30,34,33,0,0,0,0,33,0,0,0,0,0,1,0,2,"3B"
2020,"PHI","NL","parkebl01",14,1,1,14,14,0,0,0,0,0,0,0,0,0,0,0,0,"P"
2020,"SDN","NL","patinlu01",11,1,0,11,11,0,0,0,0,0,0,0,0,0,0,0,0,"P"
2020,"NYA","AL","paxtoja01",5,5,0,5,5,0,0,0,0,0,0,0,0,0,0,0,0,"P"
2020,"ARI","NL","payamjo01",2,0,0,2,2,0,0,0,0,0,0,0,0,0,0,0,0,"P"
2020,"CIN","NL","paytoma01",8,6,8,6,0,0,0,0,0,0,6,0,0,6,1,2,0,"LF"
2020,"COL","NL","pazosja01",6,0,0,6,6,0,0,0,0,0,0,0,0,0,0,0,0,"P"
2020,"HOU","AL","peacobr01",3,0,0,3,3,0,0,0,0,0,0,0,0,0,0,0,0,"P"
2020,"TOR","AL","pearsna01",5,4,0,5,5,0,0,0,0,0,0,0,0,0,0,0,0,"P"
2020,"LAN","NL","pederjo01",43,38,43,29,0,0,0,0,0,0,23,0,8,29,12,5,0,"LF"
2020,"LAA","AL","penafe01",25,0,0,25,25,0,0,0,0,0,0,0,0,0,0,0,0,"P"
2020,"SFN","NL","pencehu01",17,13,17,10,0,0,0,0,0,0,5,0,5,10,7,3,1,"DH"
2020,"ARI","NL","peralda01",54,53,54,45,0,0,0,0,0,0,45,0,0,45,8,1,0,"LF"
2020,"MIL","NL","peralfr01",15,1,0,15,15,0,0,0,0,0,0,0,0,0,0,0,0,"P"
2020,"SFN","NL","peralwa01",25,0,0,25,25,0,0,0,0,0,0,0,0,0,0,0,0,"P"
2020,"BOS","AL","perazjo01",34,30,34,32,1,0,0,27,1,3,5,0,0,5,1,2,1,"2B"
2020,"MIL","NL","perdoan01",3,0,0,3,3,0,0,0,0,0,0,0,0,0,0,0,0,"P"
2020,"SDN","NL","perdolu02",10,1,0,10,10,0,0,0,0,0,0,0,0,0,0,0,0,"P"
2020,"HOU","AL","perezci01",7,0,0,7,7,0,0,0,0,0,0,0,0,0,0,0,0,"P"
2020,"CHN","NL","perezhe01",3,1,3,2,0,0,2,1,0,0,1,0,0,1,1,1,0,"1B"
2020,"TOR","AL","perezhe02",1,0,0,1,1,0,0,0,0,0,0,0,0,0,0,0,0,"P"
2020,"BOS","AL","perezma02",12,12,0,12,12,0,0,0,0,0,0,0,0,0,0,0,0,"P"
2020,"TBA","AL","perezmi03",38,27,38,38,0,38,1,0,0,0,0,0,0,0,0,1,0,"C"
2020,"CLE","AL","perezol01",21,0,0,21,21,0,0,0,0,0,0,0,0,0,0,0,0,"P"
2020,"CLE","AL","perezro02",32,30,32,32,0,32,0,0,0,0,0,0,0,0,0,0,0,"C"
2020,"KCA","AL","perezsa02",37,37,37,35,0,34,3,0,0,0,0,0,0,0,3,0,0,"C"
2020,"NYN","NL","peterda01",10,9,0,10,10,0,0,0,0,0,0,0,0,0,0,0,0,"P"
2020,"LAA","AL","peterdi01",1,1,0,1,1,0,0,0,0,0,0,0,0,0,0,0,0,"P"
2020,"MIL","NL","peterja01",26,15,26,24,0,0,4,3,4,0,4,0,13,17,0,3,3,"RF"
2020,"OAK","AL","petityu01",26,0,0,26,26,0,0,0,0,0,0,0,0,0,0,0,0,"P"
2020,"SDN","NL","phamth01",31,31,31,18,0,0,0,0,0,0,18,0,0,18,13,0,0,"LF"
2020,"CHN","NL","phegljo01",11,2,11,4,0,4,0,0,0,0,0,0,0,0,7,6,0,"DH"
2020,"MIL","NL","phelpda01",12,0,1,12,12,0,0,0,0,0,0,0,0,0,0,0,0,"P"
2020,"PHI","NL","phelpda01",10,0,0,10,10,0,0,0,0,0,0,0,0,0,0,0,0,"P"
2020,"KCA","AL","phillbr02",18,8,18,16,0,0,0,0,0,0,4,11,4,16,1,3,2,"CF"
2020,"TBA","AL","phillbr02",17,8,17,15,0,0,0,0,0,0,3,4,9,15,1,0,2,"RF"
2020,"BAL","AL","phillev01",14,0,0,14,14,0,0,0,0,0,0,0,0,0,0,0,0,"P"
2020,"BOS","AL","pillake01",30,26,30,29,0,0,0,0,0,0,2,6,24,29,1,4,0,"RF"
2020,"COL","NL","pillake01",24,23,24,21,0,0,0,0,0,0,0,21,1,21,2,1,0,"CF"
2020,"MIL","NL","pinama01",15,12,15,13,0,13,0,0,0,0,0,0,0,0,0,3,0,"C"
2020,"OAK","AL","pindech01",24,12,24,23,0,0,0,13,7,0,2,0,1,3,1,7,1,"2B"
2020,"MIN","AL","pinedmi01",5,5,0,5,5,0,0,0,0,0,0,0,0,0,0,0,0,"P"
2020,"OAK","AL","piscost01",45,44,45,44,0,0,0,0,0,0,0,0,44,44,0,0,1,"RF"
2020,"BOS","AL","pivetni01",2,2,0,2,2,0,0,0,0,0,0,0,0,0,0,0,0,"P"
2020,"PHI","NL","pivetni01",3,0,0,3,3,0,0,0,0,0,0,0,0,0,0,0,0,"P"
2020,"BOS","AL","plaweke01",24,20,24,22,1,20,2,0,0,0,0,0,0,0,2,0,0,"C"
2020,"CLE","AL","plesaza01",8,8,0,8,8,0,0,0,0,0,0,0,0,0,0,0,0,"P"
2020,"CLE","AL","plutkad01",10,4,1,10,10,0,0,0,0,0,0,0,0,0,0,0,0,"P"
2020,"PIT","NL","polangr01",50,45,50,39,0,0,0,0,0,0,0,0,39,39,8,5,0,"RF"
2020,"MIN","AL","polanjo01",55,53,55,53,0,0,0,0,0,53,0,0,0,0,0,2,0,"SS"
2020,"LAN","NL","polloaj01",55,47,55,42,0,0,0,0,0,0,27,16,0,42,13,8,0,"LF"
2020,"SDN","NL","pomerdr01",20,0,0,20,20,0,0,0,0,0,0,0,0,0,0,0,0,"P"
2020,"PIT","NL","ponceco01",5,3,0,5,5,0,0,0,0,0,0,0,0,0,0,0,0,"P"
2020,"SLN","NL","ponceda01",9,8,0,9,9,0,0,0,0,0,0,0,0,0,0,0,0,"P"
2020,"MIN","AL","poppese01",6,0,0,6,6,0,0,0,0,0,0,0,0,0,0,0,0,"P"
2020,"NYN","NL","porceri01",12,12,0,12,12,0,0,0,0,0,0,0,0,0,0,0,0,"P"
2020,"HOU","AL","pressry01",23,0,0,23,23,0,0,0,0,0,0,0,0,0,0,0,0,"P"
2020,"SDN","NL","profaju01",56,51,56,55,0,0,1,17,0,0,36,1,2,39,1,3,0,"LF"
2020,"BOS","AL","puellce01",5,2,5,5,0,0,0,0,0,0,2,0,3,5,0,0,0,"RF"
2020,"LAA","AL","pujolal01",39,38,39,26,0,0,26,0,0,0,0,0,0,0,12,1,0,"1B"
2020,"CLE","AL","quantca01",8,2,0,8,8,0,0,0,0,0,0,0,0,0,0,0,0,"P"
2020,"SDN","NL","quantca01",10,1,0,10,10,0,0,0,0,0,0,0,0,0,0,0,0,"P"
2020,"MIA","NL","quezajo01",3,0,0,3,3,0,0,0,0,0,0,0,0,0,0,0,0,"P"
2020,"LAA","AL","quijajo01",6,0,0,6,6,0,0,0,0,0,0,0,0,0,0,0,0,"P"
2020,"PHI","NL","quinnro01",41,30,41,39,0,0,0,0,0,0,0,37,2,39,0,4,0,"CF"
2020,"CHN","NL","quintjo01",4,1,0,4,4,0,0,0,0,0,0,0,0,0,0,0,0,"P"
2020,"WAS","NL","raineta01",20,0,0,20,20,0,0,0,0,0,0,0,0,0,0,0,0,"P"
2020,"CIN","NL","raleybr01",4,0,0,4,4,0,0,0,0,0,0,0,0,0,0,0,0,"P"
2020,"HOU","AL","raleybr01",17,0,0,17,17,0,0,0,0,0,0,0,0,0,0,0,0,"P"
2020,"NYN","NL","ramirer02",6,0,0,6,6,0,0,0,0,0,0,0,0,0,0,0,0,"P"
2020,"MIA","NL","ramirha02",3,3,3,3,0,0,0,0,0,0,1,0,2,3,0,0,0,"RF"
2020,"CLE","AL","ramirjo01",58,58,58,57,0,0,0,0,57,0,0,0,0,0,1,0,0,"3B"
2020,"DET","AL","ramirni01",5,0,0,5,5,0,0,0,0,0,0,0,0,0,0,0,0,"P"
2020,"LAA","AL","ramirno01",21,0,0,21,21,0,0,0,0,0,0,0,0,0,0,0,0,"P"
2020,"SLN","NL","ramirro02",1,0,0,1,1,0,0,0,0,0,0,0,0,0,0,0,0,"P"
2020,"SEA","AL","ramiryo01",16,0,0,16,16,0,0,0,0,0,0,0,0,0,0,0,0,"P"
2020,"COL","NL","ramosaj01",3,0,0,3,3,0,0,0,0,0,0,0,0,0,0,0,0,"P"
2020,"NYN","NL","ramoswi01",45,39,45,41,0,41,0,0,0,0,0,0,0,0,1,4,0,"C"
2020,"MIL","NL","rasmudr01",12,0,0,12,12,0,0,0,0,0,0,0,0,0,0,0,0,"P"
2020,"SLN","NL","ravelra01",13,10,13,7,0,0,3,0,0,0,1,0,4,5,6,3,0,"DH"
2020,"ARI","NL","rayro02",7,7,0,7,7,0,0,0,0,0,0,0,0,0,0,0,0,"P"
2020,"TOR","AL","rayro02",5,4,0,5,5,0,0,0,0,0,0,0,0,0,0,0,0,"P"
2020,"CHN","NL","reaco01",9,2,0,9,9,0,0,0,0,0,0,0,0,0,0,0,0,"P"
2020,"PHI","NL","realmjt01",47,45,47,38,0,36,6,0,0,0,0,0,0,0,9,2,0,"C"
2020,"HOU","AL","reddijo01",56,54,56,50,0,0,0,0,0,0,0,0,50,50,5,2,0,"RF"
2020,"CIN","NL","reedco01",9,0,0,9,9,0,0,0,0,0,0,0,0,0,0,0,0,"P"
2020,"TBA","AL","reedco01",2,0,0,2,2,0,0,0,0,0,0,0,0,0,0,0,0,"P"
2020,"TEX","AL","refsnro01",15,9,15,7,0,0,4,0,0,0,1,0,2,3,7,4,0,"DH"
2020,"TOR","AL","reidfse01",5,0,0,5,5,0,0,0,0,0,0,0,0,0,0,0,0,"P"
2020,"LAA","AL","rendoan01",52,52,52,52,0,0,0,0,52,0,0,0,0,0,0,0,0,"3B"
2020,"TBA","AL","renfrhu01",42,34,42,40,0,0,2,0,0,0,0,0,39,39,1,3,3,"RF"
2020,"LAA","AL","rengilu01",33,26,33,33,0,0,0,32,1,1,0,0,0,0,0,0,1,"2B"
2020,"SLN","NL","reyesal02",15,1,0,15,15,0,0,0,0,0,0,0,0,0,0,0,0,"P"
2020,"CLE","AL","reyesfr01",59,58,59,1,0,0,0,0,0,0,1,0,0,1,57,1,0,"DH"
2020,"DET","AL","reyesvi01",57,50,57,56,0,0,0,0,0,0,22,30,18,56,0,1,1,"CF"
2020,"PIT","NL","reynobr01",55,52,55,53,0,0,0,0,0,0,37,17,0,53,1,3,0,"LF"
2020,"KCA","AL","reynoma03",3,3,3,3,0,0,0,0,3,0,0,0,0,0,0,0,0,"3B"
2020,"SDN","NL","richaga01",14,10,0,14,14,0,0,0,0,0,0,0,0,0,0,0,0,"P"
2020,"TBA","AL","richatr01",9,4,0,9,9,0,0,0,0,0,0,0,0,0,0,0,0,"P"
2020,"SFN","NL","rickajo01",4,3,4,3,0,0,0,0,0,0,0,0,3,3,0,0,1,"RF"
2020,"PIT","NL","riddljt01",23,19,23,21,0,0,1,1,11,3,2,2,2,6,0,1,1,"3B"
2020,"ATL","NL","rileyau01",51,51,51,51,0,0,4,0,46,0,4,0,0,4,0,0,0,"3B"
2020,"LAN","NL","riosed01",32,19,32,27,0,0,6,0,21,0,0,0,0,0,1,6,2,"3B"
2020,"PIT","NL","riosya01",3,0,0,3,3,0,0,0,0,0,0,0,0,0,0,0,0,"P"
2020,"NYN","NL","riverre01",2,1,2,1,0,1,0,0,0,0,0,0,0,0,0,1,0,"C"
2020,"TEX","AL","riverya01",4,2,4,4,0,0,1,1,0,2,0,0,0,0,0,0,2,"SS"
2020,"CHN","NL","rizzoan01",58,57,58,57,0,0,57,0,0,0,0,0,0,0,1,1,0,"1B"
2020,"TOR","AL","roarkta01",11,11,0,11,11,0,0,0,0,0,0,0,0,0,0,0,0,"P"
2020,"SFN","NL","roberda10",13,5,13,12,0,0,0,3,2,5,2,0,1,3,1,0,2,"SS"
2020,"CHA","AL","roberlu01",56,55,56,56,0,0,0,0,0,0,0,56,0,56,0,1,0,"CF"
2020,"LAA","AL","robleha01",18,0,0,18,18,0,0,0,0,0,0,0,0,0,0,0,0,"P"
2020,"WAS","NL","roblevi01",52,51,52,52,0,0,0,0,0,0,0,52,0,52,0,0,0,"CF"
2020,"COL","NL","rodgebr02",7,4,7,5,0,0,0,5,0,1,0,0,0,0,1,1,1,"2B"
2020,"CHA","AL","rodonca01",4,2,0,4,4,0,0,0,0,0,0,0,0,0,0,0,0,"P"
2020,"SFN","NL","rodride01",2,0,0,2,2,0,0,0,0,0,0,0,0,0,0,0,0,"P"
2020,"TEX","AL","rodrijo04",12,0,0,12,12,0,0,0,0,0,0,0,0,0,0,0,0,"P"
2020,"LAA","AL","rodrijo06",1,0,0,1,1,0,0,0,0,0,0,0,0,0,0,0,0,"P"
2020,"HOU","AL","rodrini01",5,0,0,5,5,0,0,0,0,0,0,0,0,0,0,0,0,"P"
2020,"PIT","NL","rodriri05",24,0,0,24,24,0,0,0,0,0,0,0,0,0,0,0,0,"P"
2020,"MIA","NL","rodrise01",4,3,4,4,0,0,0,3,0,0,1,0,0,1,0,0,0,"2B"
2020,"TBA","AL","roech01",10,0,0,10,10,0,0,0,0,0,0,0,0,0,0,0,0,"P"
2020,"MIN","AL","rogerta01",21,0,0,21,21,0,0,0,0,0,0,0,0,0,0,0,0,"P"
2020,"MIA","NL","rogertr01",7,7,0,7,7,0,0,0,0,0,0,0,0,0,0,0,0,"P"
2020,"SFN","NL","rogerty01",29,0,0,29,29,0,0,0,0,0,0,0,0,0,0,0,0,"P"
2020,"ARI","NL","rojasjo01",17,16,17,11,0,0,0,8,0,2,1,0,0,1,5,1,0,"2B"
2020,"MIA","NL","rojasmi02",40,38,40,40,0,0,1,0,1,39,0,0,0,0,0,1,0,"SS"
2020,"TOR","AL","romanjo03",15,0,0,15,15,0,0,0,0,0,0,0,0,0,0,0,0,"P"
2020,"CIN","NL","romansa01",2,0,0,2,2,0,0,0,0,0,0,0,0,0,0,0,0,"P"
2020,"PHI","NL","romerjo01",12,0,0,12,12,0,0,0,0,0,0,0,0,0,0,0,0,"P"
2020,"WAS","NL","romerse01",3,0,0,3,3,0,0,0,0,0,0,0,0,0,0,0,0,"P"
2020,"TEX","AL","rominan01",2,0,2,1,0,0,0,0,0,1,0,0,0,0,1,0,1,"SS"
2020,"DET","AL","rominau01",37,37,37,37,0,37,1,0,0,0,0,0,0,0,0,0,0,"C"
2020,"MIN","AL","romose01",24,0,0,24,24,0,0,0,0,0,0,0,0,0,0,0,0,"P"
2020,"ARI","NL","rondohe01",23,0,0,23,23,0,0,0,0,0,0,0,0,0,0,0,0,"P"
2020,"MIN","AL","rookebr01",7,7,7,5,0,0,0,0,0,0,1,0,4,5,2,0,0,"RF"
2020,"NYN","NL","rosaram01",46,37,46,44,0,0,0,0,0,44,0,0,0,0,0,3,1,"SS"
2020,"MIN","AL","rosared01",57,55,57,51,0,0,0,0,0,0,51,0,0,51,4,2,0,"LF"
2020,"KCA","AL","rosarra01",4,0,0,4,4,0,0,0,0,0,0,0,0,0,0,0,0,"P"
2020,"KCA","AL","rosentr01",14,0,1,14,14,0,0,0,0,0,0,0,0,0,0,0,0,"P"
2020,"SDN","NL","rosentr01",9,0,1,9,9,0,0,0,0,0,0,0,0,0,0,0,0,"P"
2020,"PHI","NL","rossora01",7,1,0,7,7,0,0,0,0,0,0,0,0,0,0,0,0,"P"
2020,"SFN","NL","rufda01",40,24,40,27,0,0,4,0,0,0,22,0,3,24,8,15,1,"LF"
2020,"CHA","AL","ruizjo01",5,0,1,5,5,0,0,0,0,0,0,0,0,0,0,0,0,"P"
2020,"LAN","NL","ruizke01",2,2,2,2,0,2,0,0,0,0,0,0,0,0,0,0,0,"C"
2020,"BAL","AL","ruizri01",54,50,54,53,0,0,0,1,53,0,1,0,0,1,0,3,1,"3B"
2020,"ATL","NL","rusinch01",1,0,0,1,1,0,0,0,0,0,0,0,0,0,0,0,0,"P"
2020,"CHN","NL","ryanky01",18,0,0,18,18,0,0,0,0,0,0,0,0,0,0,0,0,"P"
2020,"TOR","AL","ryuhy01",12,12,0,12,12,0,0,0,0,0,0,0,0,0,0,0,0,"P"
2020,"CHN","NL","sadleca02",10,0,0,10,10,0,0,0,0,0,0,0,0,0,0,0,0,"P"
2020,"SEA","AL","sadleca02",7,0,0,7,7,0,0,0,0,0,0,0,0,0,0,0,0,"P"
2020,"SFN","NL","samarje01",4,4,0,4,4,0,0,0,0,0,0,0,0,0,0,0,0,"P"
2020,"HOU","AL","sanabca01",2,0,0,2,2,0,0,0,0,0,0,0,0,0,0,0,0,"P"
2020,"NYN","NL","sanchal04",5,4,5,5,0,5,0,0,0,0,0,0,0,0,0,0,0,"C"
2020,"WAS","NL","sanchan01",11,11,0,11,11,0,0,0,0,0,0,0,0,0,0,0,0,"P"
2020,"CHA","AL","sanchca01",12,6,11,9,1,0,0,1,5,3,0,0,0,0,3,0,4,"3B"
2020,"NYA","AL","sanchga02",49,45,49,41,0,41,0,0,0,0,0,0,0,0,7,4,0,"C"
2020,"MIA","NL","sanchje02",10,8,10,10,0,0,0,0,0,0,0,0,10,10,0,1,0,"RF"
2020,"SLN","NL","sanchri01",3,0,0,3,3,0,0,0,0,0,0,0,0,0,0,0,0,"P"
2020,"MIA","NL","sanchsi01",7,7,0,7,7,0,0,0,0,0,0,0,0,0,0,0,0,"P"
2020,"ATL","NL","sandopa01",1,1,1,1,0,0,0,0,1,0,0,0,0,0,0,0,0,"3B"
2020,"SFN","NL","sandopa01",33,18,33,12,0,0,8,0,4,0,0,0,0,0,14,13,0,"DH"
2020,"LAA","AL","sandopa02",9,6,0,9,9,0,0,0,0,0,0,0,0,0,0,0,0,"P"
2020,"MIN","AL","sanomi01",53,53,53,52,0,0,52,0,0,0,0,0,0,0,1,0,0,"1B"
2020,"BAL","AL","santaan02",37,37,37,36,0,0,0,0,0,0,2,0,35,36,1,0,0,"RF"
2020,"CLE","AL","santaca01",60,60,60,60,0,0,60,0,0,0,0,0,0,0,0,0,0,"1B"
2020,"TEX","AL","santada01",15,14,15,13,0,0,9,0,0,0,1,4,0,4,2,1,0,"1B"
2020,"LAN","NL","santade01",12,0,0,12,12,0,0,0,0,0,0,0,0,0,0,0,0,"P"
2020,"CLE","AL","santado01",24,23,24,23,0,0,0,0,0,0,9,0,16,23,0,1,0,"RF"
2020,"COL","NL","santoan02",3,1,0,3,3,0,0,0,0,0,0,0,0,0,0,0,0,"P"
2020,"LAN","NL","sborzjo01",4,0,0,4,4,0,0,0,0,0,0,0,0,0,0,0,0,"P"
2020,"ATL","NL","schebsc01",1,0,1,1,0,0,0,0,0,0,0,0,1,1,0,1,0,"RF"
2020,"WAS","NL","scherma01",12,12,0,12,12,0,0,0,0,0,0,0,0,0,0,0,0,"P"
2020,"NYA","AL","schmicl01",3,1,0,3,3,0,0,0,0,0,0,0,0,0,0,0,0,"P"
2020,"DET","AL","schoojo01",44,44,44,44,0,0,0,44,0,0,0,0,0,0,0,0,0,"2B"
2020,"DET","AL","schrejo01",15,0,0,15,15,0,0,0,0,0,0,0,0,0,0,0,0,"P"
2020,"SLN","NL","schroma01",11,4,11,7,1,0,0,5,2,0,0,0,0,0,1,5,0,"2B"
2020,"CHN","NL","schwaky01",59,56,59,48,0,0,0,0,0,0,48,0,0,48,9,3,0,"LF"
2020,"BAL","AL","scottta01",25,0,0,25,25,0,0,0,0,0,0,0,0,0,0,0,0,"P"
2020,"HOU","AL","scruban01",20,0,0,20,20,0,0,0,0,0,0,0,0,0,0,0,0,"P"
2020,"LAN","NL","seageco01",52,52,52,43,0,0,0,0,0,43,0,0,0,0,9,0,0,"SS"
2020,"SEA","AL","seageky01",60,59,60,53,0,0,0,0,53,0,0,0,0,0,6,1,0,"3B"
2020,"PHI","NL","segurje01",54,54,54,53,0,0,0,32,24,4,0,0,0,0,1,0,0,"2B"
2020,"SFN","NL","selmasa01",24,0,0,24,24,0,0,0,0,0,0,0,0,0,0,0,0,"P"
2020,"OAK","AL","semiema01",53,53,53,53,0,0,0,0,0,53,0,0,0,0,0,0,0,"SS"
2020,"COL","NL","senzaan01",12,12,0,12,12,0,0,0,0,0,0,0,0,0,0,0,0,"P"
2020,"CIN","NL","senzeni01",23,20,23,23,0,0,0,0,0,0,0,23,0,23,0,1,0,"CF"
2020,"BAL","AL","severpe01",48,42,48,35,0,35,0,0,0,0,0,0,0,0,10,6,0,"C"
2020,"NYN","NL","sewalpa01",5,0,0,5,5,0,0,0,0,0,0,0,0,0,0,0,0,"P"
2020,"MIA","NL","shafeju01",5,0,0,5,5,0,0,0,0,0,0,0,0,0,0,0,0,"P"
2020,"MIA","NL","sharpst01",4,0,0,4,4,0,0,0,0,0,0,0,0,0,0,0,0,"P"
2020,"SEA","AL","shawbr01",6,0,0,6,6,0,0,0,0,0,0,0,0,0,0,0,0,"P"
2020,"TOR","AL","shawtr01",50,42,50,46,0,0,14,0,37,0,0,0,0,0,2,6,0,"3B"
2020,"SEA","AL","sheffju01",10,10,0,10,10,0,0,0,0,0,0,0,0,0,0,0,0,"P"
2020,"TBA","AL","sherrry01",10,0,0,10,10,0,0,0,0,0,0,0,0,0,0,0,0,"P"
2020,"TOR","AL","shoemma01",6,6,0,6,6,0,0,0,0,0,0,0,0,0,0,0,0,"P"
2020,"NYN","NL","shrevch01",17,0,0,17,17,0,0,0,0,0,0,0,0,0,0,0,0,"P"
2020,"MIA","NL","sierrma01",19,13,19,17,0,0,0,0,0,0,5,11,4,17,1,0,2,"CF"
2020,"LAA","AL","simmoan01",30,30,30,30,0,0,0,0,0,30,0,0,0,0,0,0,0,"SS"
2020,"CIN","NL","simslu01",20,0,0,20,20,0,0,0,0,0,0,0,0,0,0,0,0,"P"
2020,"KCA","AL","singebr01",12,12,0,12,12,0,0,0,0,0,0,0,0,0,0,0,0,"P"
2020,"BAL","AL","siscoch01",36,30,36,26,0,26,0,0,0,0,0,0,0,0,9,5,0,"C"
2020,"DET","AL","skubata01",8,7,0,8,8,0,0,0,0,0,0,0,0,0,0,0,0,"P"
2020,"SFN","NL","slateau01",31,23,31,12,0,0,0,0,0,0,3,0,9,12,14,4,3,"DH"
2020,"TBA","AL","slegeaa01",11,1,0,11,11,0,0,0,0,0,0,0,0,0,0,0,0,"P"
2020,"MIN","AL","smeltde01",7,1,0,7,7,0,0,0,0,0,0,0,0,0,0,0,0,"P"
2020,"OAK","AL","smithbu03",6,0,0,6,6,0,0,0,0,0,0,0,0,0,0,0,0,"P"
2020,"ARI","NL","smithca03",4,3,0,4,4,0,0,0,0,0,0,0,0,0,0,0,0,"P"
2020,"MIA","NL","smithca03",1,1,0,1,1,0,0,0,0,0,0,0,0,0,0,0,0,"P"
2020,"NYN","NL","smithdo02",50,48,50,44,0,0,25,0,0,0,23,0,0,23,5,2,0,"1B"
2020,"NYN","NL","smithdr01",8,0,0,8,8,0,0,0,0,0,0,0,0,0,0,0,0,"P"
2020,"BAL","AL","smithdw02",21,17,21,16,0,0,0,0,0,0,16,0,0,16,5,2,1,"LF"
2020,"MIA","NL","smithjo07",16,1,0,16,16,0,0,0,0,0,0,0,0,0,0,0,0,"P"
2020,"MIA","NL","smithjo08",2,0,0,2,2,0,0,0,0,0,0,0,0,0,0,0,0,"P"
2020,"TBA","AL","smithke04",17,9,17,16,0,16,0,0,0,0,0,0,0,0,1,2,0,"C"
2020,"SEA","AL","smithma05",14,13,14,14,0,0,0,0,0,0,0,3,12,14,0,0,0,"RF"
2020,"ARI","NL","smithpa04",12,11,12,10,0,0,5,0,0,0,3,0,2,5,2,0,0,"1B"
2020,"ARI","NL","smithri01",6,0,0,6,6,0,0,0,0,0,0,0,0,0,0,0,0,"P"
2020,"ATL","NL","smithwi04",18,0,0,18,18,0,0,0,0,0,0,0,0,0,0,0,0,"P"
2020,"LAN","NL","smithwi05",37,34,37,34,0,34,0,0,0,0,0,0,0,0,3,1,0,"C"
2020,"MIL","NL","smoakju01",33,29,33,31,0,0,31,0,0,0,0,0,0,0,2,4,0,"1B"
2020,"SFN","NL","smoakju01",3,2,3,0,0,0,0,0,0,0,0,0,0,0,2,1,0,"DH"
2020,"SFN","NL","smylydr01",7,5,0,7,7,0,0,0,0,0,0,0,0,0,0,0,0,"P"
2020,"HOU","AL","sneedcy01",18,0,0,18,18,0,0,0,0,0,0,0,0,0,0,0,0,"P"
2020,"TBA","AL","snellbl01",11,11,0,11,11,0,0,0,0,0,0,0,0,0,0,0,0,"P"
2020,"ATL","NL","sobotch01",4,0,0,4,4,0,0,0,0,0,0,0,0,0,0,0,0,"P"
2020,"MIL","NL","sogarer01",43,29,43,39,0,0,0,9,30,7,2,0,0,2,2,10,1,"3B"
2020,"TEX","AL","solakni01",58,57,58,52,0,0,1,17,0,0,29,13,0,36,5,1,0,"LF"
2020,"SFN","NL","solando01",54,46,54,52,0,0,0,45,5,2,0,0,0,0,0,5,0,"2B"
2020,"KCA","AL","solerjo01",43,42,43,8,0,0,0,0,0,0,0,0,8,8,35,1,0,"DH"
2020,"OAK","AL","soriajo01",22,0,0,22,22,0,0,0,0,0,0,0,0,0,0,0,0,"P"
2020,"ATL","NL","sorokmi01",3,3,0,3,3,0,0,0,0,0,0,0,0,0,0,0,0,"P"
2020,"LAA","AL","sotoel01",3,2,3,3,0,0,0,1,0,2,0,0,0,0,0,0,1,"SS"
2020,"DET","AL","sotogr01",27,0,0,27,27,0,0,0,0,0,0,0,0,0,0,0,0,"P"
2020,"WAS","NL","sotoju01",47,47,47,42,0,0,0,0,0,0,36,0,6,42,5,0,0,"LF"
2020,"CHN","NL","souzast01",11,7,11,9,0,0,0,0,0,0,3,0,6,9,1,3,0,"RF"
2020,"KCA","AL","sparkgl01",4,0,0,4,4,0,0,0,0,0,0,0,0,0,0,0,0,"P"
2020,"KCA","AL","speiega01",8,0,0,8,8,0,0,0,0,0,0,0,0,0,0,0,0,"P"
2020,"HOU","AL","springe01",51,49,51,47,0,0,0,0,0,0,0,42,9,47,4,1,1,"CF"
2020,"BOS","AL","sprinje01",16,0,0,16,16,0,0,0,0,0,0,0,0,0,0,0,0,"P"
2020,"PIT","NL","stallja01",42,40,42,42,0,42,0,0,0,0,0,0,0,0,0,0,0,"C"
2020,"SDN","NL","stammcr01",24,0,0,24,24,0,0,0,0,0,0,0,0,0,0,0,0,"P"
2020,"MIA","NL","stanery01",9,0,0,9,9,0,0,0,0,0,0,0,0,0,0,0,0,"P"
2020,"NYA","AL","stantmi03",23,23,23,0,0,0,0,0,0,0,0,0,0,0,23,0,0,"DH"
2020,"KCA","AL","starlbu01",35,16,35,31,0,0,0,0,0,0,1,29,1,31,2,3,5,"CF"
2020,"MIN","AL","stashco01",11,0,0,11,11,0,0,0,0,0,0,0,0,0,0,0,0,"P"
2020,"LAA","AL","stassma01",31,26,31,31,0,31,0,0,0,0,0,0,0,0,0,3,0,"C"
2020,"KCA","AL","staumjo01",26,0,0,26,26,0,0,0,0,0,0,0,0,0,0,0,0,"P"
2020,"CIN","NL","stephro01",10,0,0,10,10,0,0,0,0,0,0,0,0,0,0,0,0,"P"
2020,"CIN","NL","stephty01",8,4,8,4,0,4,0,0,0,0,0,0,0,0,3,3,0,"C"
2020,"WAS","NL","stevean01",15,12,15,14,0,0,0,0,0,0,9,1,4,14,0,2,1,"LF"
2020,"DET","AL","stewach02",36,31,36,32,0,0,0,0,0,0,32,0,0,32,2,3,1,"LF"
2020,"BAL","AL","stewadj01",31,30,31,30,0,0,0,0,0,0,10,0,21,30,0,1,0,"RF"
2020,"CHA","AL","stievjo01",2,2,0,2,2,0,0,0,0,0,0,0,0,0,0,0,0,"P"
2020,"BOS","AL","stockro01",10,0,0,10,10,0,0,0,0,0,0,0,0,0,0,0,0,"P"
2020,"COL","NL","storytr01",59,59,59,57,0,0,0,0,0,57,0,0,0,0,2,0,0,"SS"
2020,"SDN","NL","strahma01",19,0,1,19,19,0,0,0,0,0,0,0,0,0,0,0,0,"P"
2020,"WAS","NL","strasst01",2,2,0,2,2,0,0,0,0,0,0,0,0,0,0,0,0,"P"
